"sweep_param","sweep_value","xL","xk","xl","xU","gamma","converged","error_msg"
"l",1,-2.07979937539589,-1.33385114393295,-0.456138988355204,0.268503040750597,3.82556544189708,TRUE,NA
"l",1.01,-2.08812150026271,-1.34469550028869,-0.468988051165224,0.26828267596947,3.86025139985939,TRUE,NA
"l",1.02,-2.09641337556309,-1.35547551133822,-0.481741083834276,0.268075567435047,3.89494904123986,TRUE,NA
"l",1.03,-2.10467524226179,-1.36619218480796,-0.49439999978117,0.26788066040435,3.92965787538972,TRUE,NA
"l",1.04,-2.11290734427192,-1.37684650883494,-0.506966656720493,0.267697005152693,3.96437744547826,TRUE,NA
"l",1.05,-2.12110992766956,-1.38743945185242,-0.519442858298074,0.267523745600778,3.9991073252584,TRUE,NA
"l",1.06,-2.12928324001092,-1.39797196257612,-0.531830355736121,0.267360109204463,4.03384711619137,TRUE,NA
"l",1.07,-2.13742752973911,-1.40844497007438,-0.544130849475978,0.267205397970109,4.06859644488667,TRUE,NA
"l",1.08,-2.14554304566949,-1.41885938390775,-0.556345990807231,0.267058980471524,4.10335496082072,TRUE,NA
"l",1.09,-2.15363003654356,-1.42921609432611,-0.568477383475706,0.266920284757165,4.13812233430261,TRUE,NA
"l",1.1,-2.16168875064301,-1.4395159725125,-0.580526585263103,0.266788792048033,4.17289825465656,TRUE,NA
"l",1.11,-2.16971943545642,-1.44975987086481,-0.59249510953357,0.26666403113721,4.20768242859727,TRUE,NA
"l",1.12,-2.17772233739186,-1.45994862330782,-0.604384426743218,0.266545573411677,4.24247457877543,TRUE,NA
"l",1.13,-2.18569770152994,-1.47008304562875,-0.616195965909322,0.266433028425995,4.27727444247323,TRUE,NA
"l",1.14,-2.19364577141203,-1.48016393583125,-0.627931116037708,0.266326039964998,4.31208177043391,TRUE,NA
"l",1.15,-2.20156678885945,-1.49019207450256,-0.639591227506381,0.266224282540089,4.34689632580893,TRUE,NA
"l",1.16,-2.20946099381967,-1.50016822519058,-0.651177613405017,0.266127458269708,4.38171788321064,TRUE,NA
"l",1.17,-2.21732862423621,-1.51009313478671,-0.662691550829771,0.266035294100492,4.41654622785725,TRUE,NA
"l",1.18,-2.22516991593934,-1.51996753391238,-0.674134282133494,0.265947539330323,4.45138115480144,TRUE,NA
"l",1.19,-2.23298510255488,-1.52979213730646,-0.685507016131776,0.265863963399234,4.486222468232,TRUE,NA
"l",1.2,-2.24077441542899,-1.53956764421169,-0.696810929265343,0.265784353917831,4.52106998084113,TRUE,NA
"l",1.21,-2.24853808356686,-1.54929473875868,-0.708047166719672,0.265708514906527,4.55592351325054,TRUE,NA
"l",1.22,-2.25627633358362,-1.55897409034589,-0.719216843502873,0.265636265221946,4.59078289348956,TRUE,NA
"l",1.23,-2.2639893896659,-1.56860635401464,-0.730321045482553,0.265567437149486,4.62564795651982,TRUE,NA
"l",1.24,-2.27167747354284,-1.57819217081829,-0.741360830383413,0.265501875143677,4.660518543802,TRUE,NA
"l",1.25,-2.27934080446508,-1.58773216818487,-0.752337228746116,0.265439434699733,4.69539450289951,TRUE,NA
"l",1.26,-2.28697959919113,-1.59722696027244,-0.763251244849389,0.26537998134207,4.7302756871164,TRUE,NA
"l",1.27,-2.29459407197973,-1.606677148317,-0.774103857595689,0.265323389716669,4.76516195516451,TRUE,NA
"l",1.28,-2.30218443458787,-1.61608332097258,-0.784896021363055,0.265269542776136,4.80005317085867,TRUE,NA
"l",1.29,-2.30975089627339,-1.6254460546431,-0.795628666822916,0.265218331047247,4.83494920283573,TRUE,NA
"l",1.3,-2.31729366380175,-1.63476591380614,-0.806302701726434,0.265169651972109,4.86984992429578,TRUE,NA
"l",1.31,-2.32481294145638,-1.64404345132824,-0.816919011659657,0.265123409314988,4.90475521276304,TRUE,NA
"l",1.32,-2.33230893105213,-1.65327920877208,-0.827478460769413,0.265079512627779,4.93966494986549,TRUE,NA
"l",1.33,-2.33978183195134,-1.66247371669505,-0.837981892460644,0.265037876767907,4.97457902112956,TRUE,NA
"l",1.34,-2.34723184108232,-1.67162749493985,-0.848430130066614,0.264998421463028,5.00949731579066,TRUE,NA
"l",1.35,-2.35465915295965,-1.68074105291675,-0.858823977492973,0.264961070917712,5.0444197266167,TRUE,NA
"l",1.36,-2.36206395970632,-1.68981488987776,-0.869164219836894,0.264925753457675,5.0793461497435,TRUE,NA
"l",1.37,-2.36944645107717,-1.6988494951831,-0.87945162398228,0.264892401207599,5.11427648452216,TRUE,NA
"l",1.38,-2.37680681448362,-1.70784534855959,-0.889686939171794,0.264860949799184,5.14921063337578,TRUE,NA
"l",1.39,-2.38414523501936,-1.71680292035173,-0.899870897557471,0.264831338106298,5.18414850166552,TRUE,NA
"l",1.4,-2.39146189548688,-1.72572267176513,-0.910004214729617,0.264803508004361,5.21908999756568,TRUE,NA
"l",1.41,-2.39875697642469,-1.73460505510282,-0.920087590226087,0.26477740415168,5.2540350319461,TRUE,NA
"l",1.42,-2.40603065613504,-1.74345051399442,-0.930121708022122,0.264752973790407,5.28898351826161,TRUE,NA
"l",1.43,-2.41328311071212,-1.75225948361849,-0.940107237001689,0.264730166565212,5.32393537244838,TRUE,NA
"l",1.44,-2.42051451407051,-1.76103239091812,-0.950044831411298,0.264708934357917,5.35889051282601,TRUE,NA
"l",1.45,-2.42772503797391,-1.76976965481014,-0.959935131296782,0.264689231136471,5.39384886000545,TRUE,NA
"l",1.46,-2.43491485206396,-1.77847168638789,-0.969778762924017,0.264671012816961,5.42881033680166,TRUE,NA
"l",1.47,-2.44208412388915,-1.787138889118,-0.979576339184012,0.264654237137305,5.46377486815145,TRUE,NA
"l",1.48,-2.44923301893374,-1.79577165903116,-0.989328459983326,0.26463886354154,5.49874238103534,TRUE,NA
"l",1.49,-2.45636170064665,-1.80437038490716,-0.999035712620149,0.264624853073725,5.53371280440363,TRUE,NA
"l",1.5,-2.46347033047015,-1.81293544845442,-1.00869867214691,0.264612168280481,5.56868606910673,TRUE,NA
"l",1.51,-2.47055906786859,-1.82146722448405,-1.0183179017196,0.26460077312141,5.60366210782772,TRUE,NA
"l",1.52,-2.47762807035675,-1.82996608107876,-1.02789395293505,0.264590632886682,5.63864085501971,TRUE,NA
"l",1.53,-2.48467749352816,-1.83843237975669,-1.03742736615578,0.264581714121017,5.67362224684532,TRUE,NA
"l",1.54,-2.49170749108303,-1.8468664756304,-1.04691867082363,0.264573984553611,5.70860622111932,TRUE,NA
"l",1.55,-2.49871821485607,-1.85526871756106,-1.05636838576241,0.264567413033397,5.74359271725346,TRUE,NA
"l",1.56,-2.50570981484388,-1.86363944830818,-1.06577701946999,0.264561969469152,5.77858167620496,TRUE,NA
"l",1.57,-2.51268243923217,-1.87197900467483,-1.07514507040014,0.264557624774055,5.81357304042572,TRUE,NA
"l",1.58,-2.5196362344226,-1.88028771764866,-1.08447302723493,0.264554350814274,5.84856675381534,TRUE,NA
"l",1.59,-2.5265713450593,-1.88856591253871,-1.09376136914769,0.264552120361278,5.88356276167471,TRUE,NA
"l",1.6,-2.53348791405506,-1.89681390910836,-1.10301056605701,0.264550907047449,5.91856101066306,TRUE,NA
"l",1.61,-2.54038608261721,-1.90503202170425,-1.11222107887228,0.264550685324848,5.95356144875517,TRUE,NA
"l",1.62,-2.5472659902731,-1.91322055938165,-1.12139335973104,0.264551430426768,5.98856402520195,TRUE,NA
"l",1.63,-2.55412777489527,-1.92137982602607,-1.13052785222825,0.264553118331839,6.02356869049149,TRUE,NA
"l",1.64,-2.56097157272623,-1.92951012047147,-1.13962499163819,0.264555725730584,6.05857539631187,TRUE,NA
"l",1.65,-2.56779751840289,-1.9376117366151,-1.14868520512904,0.264559229994053,6.09358409551603,TRUE,NA
"l",1.66,-2.57460574498062,-1.94568496352901,-1.15770891197031,0.264563609144527,6.12859474208727,TRUE,NA
"l",1.67,-2.58139638395699,-1.95373008556848,-1.1666965237337,0.264568841828019,6.16360729110619,TRUE,NA
"l",1.68,-2.58816956529506,-1.96174738247738,-1.17564844448763,0.264574907288486,6.19862169871966,TRUE,NA
"l",1.69,-2.59492541744643,-1.96973712949057,-1.18456507098516,0.264581785343593,6.23363792210952,TRUE,NA
"l",1.7,-2.60166406737378,-1.97769959743346,-1.19344679284632,0.264589456361897,6.26865591946389,TRUE,NA
"l",1.71,-2.60838564057318,-1.9856350528188,-1.20229399273447,0.264597901241397,6.30367564994838,TRUE,NA
"l",1.72,-2.615090261096,-1.99354375794079,-1.21110704652722,0.264607101389281,6.33869707367912,TRUE,NA
"l",1.73,-2.6217780515704,-2.00142597096669,-1.21988632348203,0.264617038702803,6.37372015169629,TRUE,NA
"l",1.74,-2.62844913322261,-2.00928194602578,-1.22863218639678,0.26462769555126,6.40874484593869,TRUE,NA
"l",1.75,-2.63510362589771,-2.01711193329606,-1.23734499176506,0.264639054758873,6.44377111921923,TRUE,NA
"l",1.76,-2.64174164808017,-2.02491617908849,-1.24602508992708,0.264651099588624,6.47879893520127,TRUE,NA
"l",1.77,-2.64836331691401,-2.03269492592907,-1.25467282521597,0.264663813726933,6.5138282583758,TRUE,NA
"l",1.78,-2.65496874822263,-2.04044841263862,-1.26328853609941,0.26467718126909,6.54885905403889,TRUE,NA
"l",1.79,-2.66155805652833,-2.04817687441051,-1.27187255531731,0.26469118670544,6.58389128827088,TRUE,NA
"l",1.8,-2.66813135507144,-2.05588054288629,-1.28042521001515,0.264705814908225,6.61892492791534,TRUE,NA
"l",1.81,-2.67468875582918,-2.06355964622942,-1.28894682187361,0.264721051119095,6.65395994055906,TRUE,NA
"l",1.82,-2.68123036953424,-2.07121440919692,-1.29743770723422,0.264736880937173,6.68899629451275,TRUE,NA
"l",1.83,-2.68775630569294,-2.07884505320927,-1.30589817722128,0.264753290307698,6.72403395879219,TRUE,NA
"l",1.84,-2.69426667260316,-2.08645179641847,-1.3143285378606,0.264770265511178,6.75907290310021,TRUE,NA
"l",1.85,-2.70076157737196,-2.09403485377429,-1.3227290901943,0.264787793153038,6.79411309780869,TRUE,NA
"l",1.86,-2.70724112593287,-2.10159443708898,-1.33110013039279,0.264805860153696,6.82915451394225,TRUE,NA
"l",1.87,-2.71370542306289,-2.1091307551001,-1.3394419498632,0.264824453739109,6.86419712316094,TRUE,NA
"l",1.88,-2.72015457239926,-2.11664401353191,-1.34775483535497,0.26484356143169,6.89924089774456,TRUE,NA
"l",1.89,-2.72658867645586,-2.12413441515522,-1.35603906906241,0.264863171041614,6.93428581057729,TRUE,NA
"l",1.9,-2.73300783663937,-2.13160215984562,-1.36429492872431,0.264883270658483,6.96933183513215,TRUE,NA
"l",1.91,-2.73941215326517,-2.13904744464041,-1.37252268772086,0.264903848643318,7.00437894545691,TRUE,NA
"l",1.92,-2.74580172557297,-2.1464704637939,-1.3807226151679,0.264924893620887,7.03942711615953,TRUE,NA
"l",1.93,-2.7521766517421,-2.15387140883165,-1.38889497600849,0.2649463944723,7.07447632239439,TRUE,NA
"l",1.94,-2.75853702890667,-2.16125046860302,-1.39704003110208,0.264968340327934,7.10952653984924,TRUE,NA
"l",1.95,-2.76488295317034,-2.16860782933272,-1.40515803731123,0.264990720560579,7.14457774473194,TRUE,NA
"l",1.96,-2.77121451962095,-2.175943674671,-1.41324924758593,0.265013524778865,7.17962991375795,TRUE,NA
"l",1.97,-2.77753182234481,-2.18325818574253,-1.42131391104579,0.265036742820943,7.21468302413817,TRUE,NA
"l",1.98,-2.78383495444083,-2.19055154119426,-1.42935227305974,0.265060364748341,7.24973705356658,TRUE,NA
"l",1.99,-2.79012400803433,-2.19782391724205,-1.43736457532412,0.265084380840114,7.28479198020945,TRUE,NA
"l",2,-2.79639907429069,-2.20507548771625,-1.4453510559382,0.265108781587109,7.31984778269379,TRUE,NA
"l",2.01,-2.80266024342872,-2.21230642410601,-1.45331194947798,0.265133557686529,7.35490444009598,TRUE,NA
"l",2.02,-2.80890760473384,-2.2195168956028,-1.46124748706803,0.265158700036608,7.38996193193161,TRUE,NA
"l",2.03,-2.815141246571,-2.22670706914274,-1.46915789645152,0.265184199731483,7.42502023814527,TRUE,NA
"l",2.04,-2.82136125639741,-2.23387710944803,-1.47704340205826,0.265210048056239,7.46007933910037,TRUE,NA
"l",2.05,-2.82756772077505,-2.2410271790673,-1.48490422507119,0.265236236482138,7.49513921556909,TRUE,NA
"l",2.06,-2.833760725383,-2.24815743841513,-1.49274058349109,0.265262756661977,7.53019984872314,TRUE,NA
"l",2.07,-2.83994035502948,-2.25526804581067,-1.50055269219967,0.265289600425585,7.56526122012503,TRUE,NA
"l",2.08,-2.84610669366378,-2.26235915751523,-1.50834076302098,0.265316759775503,7.60032331171768,TRUE,NA
"l",2.09,-2.85225982438794,-2.26943092776923,-1.51610500478148,0.265344226882747,7.63538610581757,TRUE,NA
"l",2.1,-2.85839982946828,-2.27648350882807,-1.5238456233684,0.265371994082763,7.67044958510431,TRUE,NA
"l",2.11,-2.86452679034667,-2.28351705099741,-1.53156282178679,0.265400053871445,7.70551373261381,TRUE,NA
"l",2.12,-2.87064078765169,-2.29053170266753,-1.53925680021505,0.265428398901303,7.74057853172956,TRUE,NA
"l",2.13,-2.87674190120954,-2.29752761034687,-1.54692775605923,0.265457021977761,7.77564396617465,TRUE,NA
"l",2.14,-2.88283021005481,-2.30450491869507,-1.55457588400593,0.265485916055517,7.8107100200047,TRUE,NA
"l",2.15,-2.88890579244109,-2.31146377055489,-1.56220137607383,0.265515074235079,7.8457766775997,TRUE,NA
"l",2.16,-2.89496872585133,-2.31840430698384,-1.56980442166419,0.265544489759317,7.88084392365722,TRUE,NA
"l",2.17,-2.90101908700812,-2.32532666728481,-1.57738520760999,0.2655741560102,7.91591174318546,TRUE,NA
"l",2.18,-2.90705695188375,-2.33223098903614,-1.58494391822378,0.265604066505556,7.9509801214956,TRUE,NA
"l",2.19,-2.9130823957101,-2.33911740812109,-1.59248073534473,0.265634214895964,7.9860490441961,TRUE,NA
"l",2.2,-2.91909549298841,-2.34598605875653,-1.59999583838419,0.265664594961725,8.02111849718523,TRUE,NA
"l",2.21,-2.92509631749887,-2.3528370735212,-1.60748940437051,0.265695200609902,8.05618846664547,TRUE,NA
"l",2.22,-2.93108494231004,-2.35967058338316,-1.61496160799261,0.265726025871478,8.0912589390366,TRUE,NA
"l",2.23,-2.93706143978814,-2.36648671772683,-1.62241262164242,0.265757064898522,8.12632990109038,TRUE,NA
"l",2.24,-2.94302588160618,-2.37328560437932,-1.62984261545677,0.265788311961532,8.16140133980376,TRUE,NA
"l",2.25,-2.94897833875294,-2.38006736963633,-1.63725175735788,0.265819761446747,8.19647324243401,TRUE,NA
"l",2.26,-2.95491888154183,-2.38683213828734,-1.64464021309301,0.2658514078536,8.23154559649238,TRUE,NA
"l",2.27,-2.96084757961959,-2.39358003364043,-1.65200814627353,0.265883245792223,8.26661838973914,TRUE,NA
"l",2.28,-2.96676450197482,-2.40031117754654,-1.65935571841256,0.26591526998099,8.30169161017787,TRUE,NA
"l",2.29,-2.97266971694645,-2.40702569042312,-1.66668308896231,0.265947475244168,8.33676524605046,TRUE,NA
"l",2.3,-2.97856329223199,-2.41372369127745,-1.67399041535007,0.265979856509585,8.37183928583192,TRUE,NA
"l",2.31,-2.98444529489576,-2.42040529772936,-1.6812778530139,0.266012408806394,8.40691371822545,TRUE,NA
"l",2.32,-2.99031579137683,-2.42707062603357,-1.68854555543706,0.266045127262873,8.44198853215762,TRUE,NA
"l",2.33,-2.996174847497,-2.43371979110146,-1.695793674182,0.266078007104294,8.47706371677367,TRUE,NA
"l",2.34,-3.00202252846856,-2.44035290652255,-1.70302235892343,0.266111043650823,8.51213926143271,TRUE,NA
"l",2.35,-3.00785889890194,-2.44697008458542,-1.71023175748082,0.266144232315516,8.54721515570357,TRUE,NA
"l",2.36,-3.01368402281327,-2.45357143629822,-1.7174220158499,0.266177568602312,8.58229138935991,TRUE,NA
"l",2.37,-3.0194979636318,-2.46015707140889,-1.72459327823394,0.266211048104124,8.61736795237655,TRUE,NA
"l",2.38,-3.02530078420719,-2.46672709842478,-1.73174568707381,0.266244666500938,8.65244483492467,TRUE,NA
"l",2.39,-3.03109254681675,-2.47328162463208,-1.73887938307785,0.266278419557988,8.6875220273681,TRUE,NA
"l",2.4,-3.03687331317248,-2.47982075611468,-1.74599450525078,0.266312303123958,8.72259952025922,TRUE,NA
"l",2.41,-3.04264314442806,-2.48634459777284,-1.75309119092221,0.266346313129235,8.75767730433504,TRUE,NA
"l",2.42,-3.04840210118572,-2.49285325334134,-1.7601695757745,0.266380445584203,8.79275537051356,TRUE,NA
"l",2.43,-3.05415024350304,-2.49934682540734,-1.76722979386986,0.266414696577586,8.82783370988963,TRUE,NA
"l",2.44,-3.05988763089952,-2.50582541542793,-1.77427197767709,0.2664490622748,8.86291231373186,TRUE,NA
"l",2.45,-3.06561432236326,-2.51228912374723,-1.7812962580977,0.266483538916396,8.89799117347872,TRUE,NA
"l",2.46,-3.07133037635731,-2.5187380496133,-1.78830276449142,0.266518122816495,8.93307028073508,TRUE,NA
"l",2.47,-3.07703585082609,-2.5251722911946,-1.79529162470127,0.266552810361271,8.96814962726899,TRUE,NA
"l",2.48,-3.08273080320166,-2.53159194559624,-1.80226296507803,0.266587598007488,9.00322920500838,TRUE,NA
"l",2.49,-3.08841529040985,-2.53799710887579,-1.80921691050423,0.26662248228105,9.03830900603736,TRUE,NA
"l",2.5,-3.09408936887637,-2.54438787605892,-1.81615358441779,0.266657459775592,9.07338902259381,TRUE,NA
"l",2.51,-3.09975309453281,-2.5507643411547,-1.82307310883483,0.266692527151108,9.10846924706572,TRUE,NA
"l",2.52,-3.10540652282249,-2.55712659717058,-1.82997560437246,0.266727681132605,9.14354967198851,TRUE,NA
"l",2.53,-3.11104970870631,-2.56347473612709,-1.8368611902708,0.266762918508796,9.17863029004156,TRUE,NA
"l",2.54,-3.11668270666847,-2.56980884907237,-1.84372998441466,0.266798236130795,9.21371109404634,TRUE,NA
"l",2.55,-3.12230557072211,-2.5761290260962,-1.85058210335467,0.266833630910899,9.24879207696231,TRUE,NA
"l",2.56,-3.12791835441481,-2.58243535634407,-1.85741766232826,0.266869099821336,9.28387323188496,TRUE,NA
"l",2.57,-3.13352111083417,-2.58872792803077,-1.86423677527999,0.266904639893069,9.31895455204344,TRUE,NA
"l",2.58,-3.13911389261311,-2.59500682845375,-1.87103955488147,0.266940248214638,9.35403603079659,TRUE,NA
"l",2.59,-3.14469675193521,-2.60127214400636,-1.87782611255103,0.266975921931013,9.38911766163189,TRUE,NA
"l",2.6,-3.15026974053999,-2.60752396019074,-1.884596558473,0.267011658242462,9.4241994381619,TRUE,NA
"l",2.61,-3.155832909728,-2.61376236163047,-1.89135100161638,0.267047454403477,9.45928135412234,TRUE,NA
"l",2.62,-3.16138631036596,-2.61998743208308,-1.89808954975348,0.267083307721687,9.4943634033693,TRUE,NA
"l",2.63,-3.16692999289173,-2.62619925445228,-1.90481230947793,0.267119215556824,9.52944557987734,TRUE,NA
"l",2.64,-3.17246400731931,-2.63239791079989,-1.91151938622247,0.267155175319698,9.56452787773653,TRUE,NA
"l",2.65,-3.17798840324362,-2.63858348235778,-1.91821088427652,0.267191184471195,9.59961029115093,TRUE,NA
"l",2.66,-3.18350322984536,-2.6447560495393,-1.92488690680295,0.267227240521293,9.63469281443589,TRUE,NA
"l",2.67,-3.18900853589575,-2.65091569195076,-1.93154755585521,0.267263341028128,9.66977544201591,TRUE,NA
"l",2.68,-3.19450436976114,-2.6570624884026,-1.93819293239354,0.267299483597016,9.70485816842307,TRUE,NA
"l",2.69,-3.19999077940762,-2.66319651692032,-1.94482313630124,0.267335665879588,9.73994098829382,TRUE,NA
"l",2.7,-3.20546781240559,-2.66931785475532,-1.95143826640039,0.267371885572854,9.77502389636826,TRUE,NA
"l",2.71,-3.21093551593416,-2.6754265783955,-1.95803842046753,0.267408140418347,9.81010688748738,TRUE,NA
"l",2.72,-3.21639393678561,-2.68152276357564,-1.9646236952488,0.267444428201254,9.84518995659124,TRUE,NA
"l",2.73,-3.2218431213697,-2.68760648528766,-1.971194186475,0.267480746749594,9.88027309871725,TRUE,NA
"l",2.74,-3.22728311571795,-2.69367781779069,-1.97774998887613,0.267517093933368,9.91535630899812,TRUE,NA
"l",2.75,-3.23271396548786,-2.69973683462091,-1.98429119619597,0.267553467663776,9.95043958266021,TRUE,NA
"l",2.76,-3.23813571596708,-2.70578360860132,-1.99081790120625,0.26758986589244,9.98552291502158,TRUE,NA
"l",2.77,-3.24354841207748,-2.71181821185126,-1.99733019572036,0.267626286610596,10.0206063014904,TRUE,NA
"l",2.78,-3.24895209837926,-2.71784071579576,-2.00382817060714,0.26766272784838,10.055689737563,TRUE,NA
"l",2.79,-3.25434681907486,-2.72385119117487,-2.01031191580431,0.267699187674064,10.0907732188227,TRUE,NA
"l",2.8,-3.25973261801293,-2.72984970805262,-2.01678152033148,0.267735664193348,10.1258567409375,TRUE,NA
"l",2.81,-3.26510953869223,-2.73583633582601,-2.02323707230322,0.267772155548636,10.160940299659,TRUE,NA
"l",2.82,-3.27047762426541,-2.74181114323375,-2.02967865894168,0.267808659918362,10.1960238908207,TRUE,NA
"l",2.83,-3.27583691754282,-2.74777419836489,-2.036106366589,0.267845175516298,10.2311075103364,TRUE,NA
"l",2.84,-3.2811874609962,-2.75372556866729,-2.04252028071966,0.267881700590892,10.2661911541988,TRUE,NA
"l",2.85,-3.28652929676237,-2.75966532095594,-2.04892048595241,0.267918233424627,10.3012748184774,TRUE,NA
"l",2.86,-3.29186246664686,-2.76559352142121,-2.05530706606215,0.267954772333368,10.3363584993184,TRUE,NA
"l",2.87,-3.29718701212745,-2.77151023563689,-2.06168010399147,0.26799131566575,10.3714421929419,TRUE,NA
"l",2.88,-3.30250297435771,-2.77741552856812,-2.0680396818621,0.268027861802548,10.4065258956416,TRUE,NA
"l",2.89,-3.30781039417048,-2.78330946457912,-2.07438588098613,0.268064409156121,10.4416096037822,TRUE,NA
"l",2.9,-3.31310931208129,-2.78919210744106,-2.08071878187693,0.26810095616976,10.4766933137998,TRUE,NA
"l",2.91,-3.31839976829173,-2.79506352033937,-2.08703846426002,0.268137501317177,10.5117770221987,TRUE,NA
"l",2.92,-3.32368180269282,-2.80092376588132,-2.09334500708376,0.268174043101905,10.5468607255514,TRUE,NA
"l",2.93,-3.32895545486828,-2.80677290610329,-2.09963848852966,0.268210580056747,10.5819444204973,TRUE,NA
"l",2.94,-3.33422076409775,-2.81261100247798,-2.10591898602279,0.268247110743256,10.6170281037405,TRUE,NA
"l",2.95,-3.33947776936006,-2.81843811592145,-2.11218657624184,0.268283633751182,10.6521117720501,TRUE,NA
"l",2.96,-3.34472650933633,-2.82425430680007,-2.11844133512886,0.268320147697969,10.6871954222572,TRUE,NA
"l",2.97,-3.34996702241314,-2.83005963493742,-2.12468333789936,0.268356651228238,10.7222790512556,TRUE,NA
"l",2.98,-3.35519934668555,-2.83585415962099,-2.13091265905156,0.268393143013291,10.7573626559991,TRUE,NA
"l",2.99,-3.36042351996021,-2.84163793960887,-2.1371293723761,0.268429621750629,10.7924462335018,TRUE,NA
"l",3,-3.3656395797583,-2.84741103313622,-2.14333355096509,0.268466086163453,10.8275297808356,TRUE,NA
"l",3.01,-3.37084756331852,-2.85317349792173,-2.14952526722134,0.268502535000212,10.8626132951305,TRUE,NA
"l",3.02,-3.3760475076,-2.85892539117392,-2.1557045928673,0.268538967034146,10.8976967735722,TRUE,NA
"l",3.03,-3.38123944928518,-2.86466676959742,-2.1618715989539,0.268575381062819,10.9327802134024,TRUE,NA
"l",3.04,-3.38642342478267,-2.87039768939908,-2.16802635586919,0.268611775907684,10.9678636119168,TRUE,NA
"l",3.05,-3.39159947023004,-2.87611820629395,-2.17416893334686,0.268648150413657,11.0029469664647,TRUE,NA
"l",3.06,-3.3967676214966,-2.88182837551136,-2.18029940047473,0.268684503448675,11.0380302744477,TRUE,NA
"l",3.07,-3.40192791418614,-2.88752825180059,-2.1864178257028,0.268720833903299,11.0731135333189,TRUE,NA
"l",3.08,-3.40708038363961,-2.89321788943679,-2.19252427685161,0.268757140690294,11.1081967405818,TRUE,NA
"l",3.09,-3.41222506493783,-2.8988973422266,-2.19861882111999,0.268793422744218,11.14327989379,TRUE,NA
"l",3.1,-3.41736199290408,-2.90456666351372,-2.20470152509317,0.268829679021055,11.1783629905453,TRUE,NA
"l",3.11,-3.42249120210671,-2.91022590618438,-2.21077245475026,0.268865908497811,11.2134460284978,TRUE,NA
"l",3.12,-3.42761272686172,-2.91587512267293,-2.21683167547204,0.268902110172131,11.2485290053444,TRUE,NA
"l",3.13,-3.43272660123527,-2.92151436496694,-2.22287925204838,0.268938283061952,11.2836119188284,TRUE,NA
"l",3.14,-3.43783285904621,-2.9271436846126,-2.22891524868553,0.268974426205117,11.3186947667378,TRUE,NA
"l",3.15,-3.4429315338685,-2.9327631327199,-2.23493972901355,0.269010538659028,11.353777546906,TRUE,NA
"l",3.16,-3.44802265903372,-2.93837275996772,-2.2409527560933,0.269046619500294,11.38886025721,TRUE,NA
"l",3.17,-3.45310626763341,-2.9439726166088,-2.24695439242351,0.269082667824391,11.4239428955691,TRUE,NA
"l",3.18,-3.45818239252148,-2.94956275247473,-2.25294469994766,0.269118682745324,11.4590254599456,TRUE,NA
"l",3.19,-3.46325106631656,-2.95514321698089,-2.25892374006085,0.269154663395289,11.4941079483428,TRUE,NA
"l",3.2,-3.4683123214043,-2.96071405913113,-2.26489157361638,0.269190608924366,11.5291903588049,TRUE,NA
"l",3.21,-3.47336618993967,-2.96627532752262,-2.27084826093257,0.269226518500187,11.5642726894159,TRUE,NA
"l",3.22,-3.47841270384923,-2.97182707035047,-2.27679386179896,0.269262391307622,11.5993549382998,TRUE,NA
"l",3.23,-3.48345189483334,-2.97736933541227,-2.2827284354829,0.269298226548496,11.634437103618,TRUE,NA
"l",3.24,-3.4884837943684,-2.98290217011275,-2.28865204073585,0.269334023441262,11.6695191835709,TRUE,NA
"l",3.25,-3.49350843370899,-2.98842562146814,-2.2945647357994,0.269369781220716,11.7046011763959,TRUE,NA
"l",3.26,-3.49852584389002,-2.9939397361106,-2.30046657841156,0.269405499137716,11.7396830803664,TRUE,NA
"l",3.27,-3.50353605572892,-2.99944456029258,-2.30635762581268,0.269441176458889,11.7747648937926,TRUE,NA
"l",3.28,-3.50853909982765,-3.00494013989105,-2.31223793475141,0.269476812466356,11.8098466150194,TRUE,NA
"l",3.29,-3.51353500657484,-3.01042652041178,-2.31810756149048,0.269512406457462,11.8449282424269,TRUE,NA
"l",3.3,-3.5185238061478,-3.0159037469934,-2.3239665618124,0.269547957744497,11.8800097744288,TRUE,NA
"l",3.31,-3.52350552851456,-3.02137186441161,-2.3298149910253,0.269583465654447,11.9150912094727,TRUE,NA
"l",3.32,-3.52848020343588,-3.02683091708309,-2.33565290396829,0.269618929528733,11.9501725460389,TRUE,NA
"l",3.33,-3.53344786046719,-3.0322809490696,-2.34148035501706,0.269654348722944,11.9852537826402,TRUE,NA
"l",3.34,-3.53840852896057,-3.03772200408179,-2.34729739808924,0.269689722606611,12.0203349178209,TRUE,NA
"l",3.35,-3.54336223806667,-3.04315412548317,-2.35310408664977,0.269725050562941,12.0554159501569,TRUE,NA
"l",3.36,-3.54830901673661,-3.04857735629384,-2.35890047371604,0.269760331988591,12.0904968782543,TRUE,NA
"l",3.37,-3.55324889372388,-3.05399173919431,-2.36468661186324,0.269795566293428,12.12557770075,TRUE,NA
"l",3.38,-3.55818189758616,-3.05939731652916,-2.37046255322927,0.269830752900301,12.1606584163098,TRUE,NA
"l",3.39,-3.56310805668719,-3.06479413031076,-2.37622834951985,0.269865891244809,12.1957390236293,TRUE,NA
"l",3.4,-3.56802739919859,-3.07018222222275,-2.38198405201341,0.269900980775086,12.2308195214318,TRUE,NA
"l",3.41,-3.57293995310162,-3.07556163362379,-2.38772971156611,0.269936020951572,12.2658999084698,TRUE,NA
"l",3.42,-3.57784574618898,-3.08093240555084,-2.39346537861638,0.269971011246814,12.3009801835224,TRUE,NA
"l",3.43,-3.58274480606655,-3.08629457872286,-2.3991911031899,0.270005951145232,12.3360603453968,TRUE,NA
"l",3.44,-3.58763716015514,-3.09164819354397,-2.40490693490411,0.270040840142937,12.371140392926,TRUE,NA
"l",3.45,-3.59252283569216,-3.09699329010702,-2.41061292297292,0.270075677747521,12.4062203249697,TRUE,NA
"l",3.46,-3.59740185973336,-3.10232990819678,-2.41630911621108,0.270110463477838,12.441300140413,TRUE,NA
"l",3.47,-3.60227425915447,-3.1076580872933,-2.42199556303886,0.270145196863839,12.4763798381668,TRUE,NA
"l",3.48,-3.60714006065284,-3.11297786657508,-2.4276723114863,0.270179877446357,12.5114594171666,TRUE,NA
"l",3.49,-3.61199929074913,-3.11828928492225,-2.43333940919755,0.270214504776929,12.5465388763721,TRUE,NA
"l",3.5,-3.61685197578883,-3.1235923809198,-2.43899690343522,0.270249078417601,12.5816182147676,TRUE,NA
"l",3.51,-3.62169814194397,-3.12888719286056,-2.44464484108453,0.270283597940761,12.6166974313604,TRUE,NA
"l",3.52,-3.62653781521459,-3.13417375874833,-2.45028326865756,0.270318062928943,12.6517765251815,TRUE,NA
"l",3.53,-3.63137102143035,-3.13945211630088,-2.45591223229721,0.270352472974666,12.6868554952842,TRUE,NA
"l",3.54,-3.63619778625209,-3.14472230295298,-2.46153177778143,0.270386827680252,12.7219343407447,TRUE,NA
"l",3.55,-3.64101813517329,-3.14998435585921,-2.46714195052705,0.270421126657661,12.7570130606608,TRUE,NA
"l",3.56,-3.64583209352164,-3.15523831189702,-2.47274279559372,0.270455369528318,12.7920916541523,TRUE,NA
"l",3.57,-3.65063968646048,-3.16048420766947,-2.47833435768786,0.270489555922957,12.8271701203603,TRUE,NA
"l",3.58,-3.65544093899032,-3.16572207950809,-2.48391668116652,0.270523685481462,12.8622484584464,TRUE,NA
"l",3.59,-3.66023587595022,-3.1709519634757,-2.48948981004096,0.270557757852698,12.8973266675931,TRUE,NA
"l",3.6,-3.66502452201931,-3.17617389536912,-2.4950537879806,0.270591772694367,12.9324047470029,TRUE,NA
"l",3.61,-3.66980690171817,-3.18138791072189,-2.50060865831649,0.270625729672848,12.9674826958983,TRUE,NA
"l",3.62,-3.67458303941021,-3.18659404480696,-2.50615446404506,0.270659628463055,13.0025605135211,TRUE,NA
"l",3.63,-3.67935295930315,-3.19179233263935,-2.51169124783167,0.270693468748284,13.0376381991328,TRUE,NA
"l",3.64,-3.68411668545027,-3.19698280897871,-2.51721905201405,0.270727250220065,13.0727157520131,TRUE,NA
"l",3.65,-3.68887424175187,-3.20216550833193,-2.52273791860585,0.270760972578038,13.1077931714604,TRUE,NA
"l",3.66,-3.69362565195658,-3.20734046495574,-2.52824788930005,0.270794635529784,13.1428704567917,TRUE,NA
"l",3.67,-3.69837093966268,-3.21250771285906,-2.5337490054723,0.270828238790722,13.1779476073414,TRUE,NA
"l",3.68,-3.70311012831942,-3.21766728580568,-2.53924130818432,0.270861782083944,13.2130246224618,TRUE,NA
"l",3.69,-3.7078432412283,-3.22281921731653,-2.54472483818709,0.2708952651401,13.2481015015224,TRUE,NA
"l",3.7,-3.71257030154443,-3.22796354067223,-2.55019963592428,0.270928687697269,13.2831782439097,TRUE,NA
"l",3.71,-3.71729133227768,-3.23310028891539,-2.55566574153521,0.270962049500821,13.3182548490268,TRUE,NA
"l",3.72,-3.72200635629406,-3.238229494853,-2.56112319485816,0.270995350303295,13.3533313162933,TRUE,NA
"l",3.73,-3.72671539631686,-3.24335119105874,-2.56657203543349,0.271028589864282,13.3884076451451,TRUE,NA
"l",3.74,-3.73141847492797,-3.24846540987532,-2.57201230250668,0.271061767950296,13.4234838350338,TRUE,NA
"l",3.75,-3.73611561456903,-3.25357218341666,-2.57744403503134,0.271094884334662,13.4585598854265,TRUE,NA
"l",3.76,-3.74080683754264,-3.25867154357023,-2.58286727167226,0.271127938797387,13.4936357958057,TRUE,NA
"l",3.77,-3.7454921660136,-3.2637635219992,-2.58828205080831,0.271160931125058,13.5287115656692,TRUE,NA
"l",3.78,-3.75017162201003,-3.26884815014461,-2.5936884105355,0.271193861110731,13.5637871945293,TRUE,NA
"l",3.79,-3.75484522742455,-3.27392545922759,-2.59908638866962,0.271226728553793,13.5988626819129,TRUE,NA
"l",3.8,-3.75951300401546,-3.27899548025145,-2.6044760227493,0.27125953325989,13.6339380273614,TRUE,NA
"l",3.81,-3.76417497340784,-3.28405824400373,-2.60985735003866,0.271292275040795,13.6690132304299,TRUE,NA
"l",3.82,-3.76883115709469,-3.28911378105844,-2.6152304075303,0.271324953714307,13.7040882906877,TRUE,NA
"l",3.83,-3.77348157643807,-3.29416212177791,-2.62059523194772,0.271357569104151,13.7391632077175,TRUE,NA
"l",3.84,-3.77812625267016,-3.29920329631495,-2.62595185974831,0.27139012103988,13.7742379811155,TRUE,NA
"l",3.85,-3.78276520689438,-3.30423733461484,-2.63130032712583,0.271422609356758,13.8093126104907,TRUE,NA
"l",3.86,-3.78739846008646,-3.30926426641725,-2.63664067001317,0.271455033895684,13.8443870954654,TRUE,NA
"l",3.87,-3.79202603309552,-3.31428412125824,-2.64197292408484,0.271487394503074,13.8794614356742,TRUE,NA
"l",3.88,-3.79664794664509,-3.31929692847217,-2.64729712475955,0.271519691030782,13.9145356307643,TRUE,NA
"l",3.89,-3.8012642213342,-3.32430271719363,-2.65261330720282,0.271551923335994,13.9496096803955,TRUE,NA
"l",3.9,-3.80587487763839,-3.32930151635931,-2.65792150632945,0.271584091281148,13.9846835842391,TRUE,NA
"l",3.91,-3.81047993591076,-3.33429335470983,-2.66322175680596,0.271616194733833,14.0197573419785,TRUE,NA
"l",3.92,-3.81507941638293,-3.33927826079164,-2.66851409305299,0.271648233566702,14.0548309533086,TRUE,NA
"l",3.93,-3.81967333916608,-3.34425626295881,-2.67379854924781,0.271680207657392,14.0899044179361,TRUE,NA
"l",3.94,-3.82426172425195,-3.34922738937479,-2.67907515932662,0.27171211688843,14.1249777355784,TRUE,NA
"l",3.95,-3.82884459151379,-3.35419166801426,-2.68434395698696,0.271743961147144,14.1600509059645,TRUE,NA
"l",3.96,-3.83342196070737,-3.35914912666477,-2.68960497568994,0.271775740325603,14.1951239288335,TRUE,NA
"l",3.97,-3.83799385147189,-3.36409979292863,-2.69485824866267,0.271807454320503,14.2301968039362,TRUE,NA
"l",3.98,-3.84256028333098,-3.36904369422445,-2.70010380890032,0.271839103033109,14.2652695310326,TRUE,NA
"l",3.99,-3.8471212756936,-3.37398085778895,-2.70534168916854,0.271870686369172,14.3003421098943,TRUE,NA
"l",4,-3.85167684785501,-3.37891131067862,-2.71057192200563,0.271902204238841,14.3354145403023,TRUE,NA
"l",4.01,-3.85622701899766,-3.3838350797713,-2.71579453972459,0.271933656556603,14.3704868220476,TRUE,NA
"l",4.02,-3.86077180819212,-3.38875219176789,-2.72100957441547,0.271965043241192,14.4055589549311,TRUE,NA
"l",4.03,-3.86531123439798,-3.39366267319391,-2.7262170579473,0.271996364215529,14.4406309387633,TRUE,NA
"l",4.04,-3.86984531646474,-3.39856655040116,-2.73141702197038,0.272027619406633,14.4757027733641,TRUE,NA
"l",4.05,-3.87437407313268,-3.40346384956921,-2.73660949791818,0.272058808745569,14.5107744585626,TRUE,NA
"l",4.06,-3.87889752303377,-3.40835459670704,-2.74179451700957,0.27208993216736,14.5458459941975,TRUE,NA
"l",4.07,-3.88341568469251,-3.4132388176545,-2.74697211025066,0.272120989610932,14.5809173801158,TRUE,NA
"l",4.08,-3.8879285765268,-3.41811653808394,-2.75214230843694,0.272151981019032,14.6159886161737,TRUE,NA
"l",4.09,-3.89243621684876,-3.42298778350159,-2.75730514215517,0.272182906338172,14.651059702236,TRUE,NA
"l",4.1,-3.89693862386563,-3.42785257924914,-2.76246064178539,0.27221376551856,14.6861306381758,TRUE,NA
"l",4.11,-3.90143581568055,-3.43271095050517,-2.76760883750287,0.272244558514039,14.7212014238748,TRUE,NA
"l",4.12,-3.90592781029338,-3.43756292228666,-2.77274975928,0.272275285282012,14.7562720592232,TRUE,NA
"l",4.13,-3.91041462560156,-3.44240851945031,-2.77788343688799,0.272305945783384,14.7913425441186,TRUE,NA
"l",4.14,-3.91489627940088,-3.44724776669405,-2.78300989989912,0.272336539982522,14.8264128784668,TRUE,NA
"l",4.15,-3.9193727893863,-3.45208068855849,-2.78812917768821,0.27236706784715,14.8614830621818,TRUE,NA
"l",4.16,-3.92384417315271,-3.45690730942817,-2.79324129943463,0.272397529348337,14.8965530951845,TRUE,NA
"l",4.17,-3.92831044819577,-3.46172765353306,-2.79834629412411,0.272427924460402,14.931622977404,TRUE,NA
"l",4.18,-3.9327716319126,-3.46654174494984,-2.80344419055035,0.272458253160878,14.9666927087765,TRUE,NA
"l",4.19,-3.93722774160265,-3.4713496076033,-2.808535017317,0.272488515430446,15.0017622892455,TRUE,NA
"l",4.2,-3.94167879446836,-3.47615126526763,-2.81361880283924,0.272518711252884,15.0368317187616,TRUE,NA
"l",4.21,-3.946124807616,-3.48094674156773,-2.81869557534548,0.272548840615006,15.0719009972824,TRUE,NA
"l",4.22,-3.95056579805633,-3.48573605998055,-2.82376536287922,0.272578903506611,15.1069701247725,TRUE,NA
"l",4.23,-3.95500178270544,-3.49051924383633,-2.82882819330058,0.272608899920435,15.1420391012032,TRUE,NA
"l",4.24,-3.95943277838536,-3.49529631631989,-2.83388409428796,0.27263882985209,15.1771079265524,TRUE,NA
"l",4.25,-3.96385880182489,-3.50006730047186,-2.83893309333972,0.272668693300022,15.2121766008045,TRUE,NA
"l",4.26,-3.96827986966026,-3.50483221919002,-2.84397521777591,0.272698490265449,15.2472451239509,TRUE,NA
"l",4.27,-3.97269599843584,-3.50959109523034,-2.84901049473956,0.272728220752324,15.2823134959881,TRUE,NA
"l",4.28,-3.97710720460487,-3.51434395120842,-2.85403895119861,0.272757884767275,15.31738171692,TRUE,NA
"l",4.29,-3.98151350453012,-3.51909080960049,-2.85906061394721,0.272787482319564,15.3524497867557,TRUE,NA
"l",4.3,-3.98591491448462,-3.52383169274478,-2.86407550960748,0.272817013421037,15.387517705511,TRUE,NA
"l",4.31,-3.9903114506523,-3.52856662284251,-2.86908366463087,0.272846478086085,15.4225854732068,TRUE,NA
"l",4.32,-3.9947031291287,-3.53329562195923,-2.87408510529967,0.272875876331566,15.4576530898706,TRUE,NA
"l",4.33,-3.9990899659216,-3.53801871202582,-2.87907985772878,0.272905208176824,15.4927205555348,TRUE,NA
"l",4.34,-4.00347197695175,-3.54273591483977,-2.88406794786669,0.272934473643566,15.527787870238,TRUE,NA
"l",4.35,-4.00784917805343,-3.54744725206614,-2.88904940149745,0.272963672755893,15.5628550340236,TRUE,NA
"l",4.36,-4.0122215849752,-3.55215274523885,-2.8940242442418,0.272992805540193,15.597922046941,TRUE,NA
"l",4.37,-4.01658921338046,-3.55685241576165,-2.89899250155867,0.273021872025159,15.6329889090443,TRUE,NA
"l",4.38,-4.02095207884814,-3.56154628490928,-2.90395419874667,0.27305087224166,15.6680556203932,TRUE,NA
"l",4.39,-4.02531019687332,-3.56623437382849,-2.90890936094539,0.273079806222823,15.7031221810523,TRUE,NA
"l",4.4,-4.02966358286782,-3.57091670353919,-2.91385801313681,0.27310867400388,15.7381885910911,TRUE,NA
"l",4.41,-4.03401225216089,-3.57559329493542,-2.91880018014669,0.273137475622185,15.7732548505842,TRUE,NA
"l",4.42,-4.03835621999977,-3.58026416878646,-2.92373588664589,0.273166211117173,15.8083209596108,TRUE,NA
"l",4.43,-4.04269550155033,-3.58492934573786,-2.92866515715183,0.273194880530512,15.8433869182554,TRUE,NA
"l",4.44,-4.04703011189758,-3.5895888463123,-2.93358801602947,0.273223483905358,15.8784527266058,TRUE,NA
"l",4.45,-4.05136006604641,-3.59424269091087,-2.93850448749302,0.273252021287258,15.9135183847556,TRUE,NA
"l",4.46,-4.05568537892209,-3.5988908998139,-2.94341459560708,0.273280492723567,15.9485838928023,TRUE,NA
"l",4.47,-4.06000606537087,-3.60353349318203,-2.94831836428778,0.27330889826351,15.9836492508482,TRUE,NA
"l",4.48,-4.06432214016058,-3.60817049105706,-2.95321581730425,0.273337237958178,16.0187144589995,TRUE,NA
"l",4.49,-4.06863361798117,-3.61280191336307,-2.95810697827978,0.273365511860474,16.0537795173665,TRUE,NA
"l",4.5,-4.07294051344531,-3.61742777990731,-2.96299187069299,0.273393720025077,16.0888444260642,TRUE,NA
"l",4.51,-4.07724284108894,-3.62204811038115,-2.96787051787919,0.273421862508428,16.1239091852111,TRUE,NA
"l",4.52,-4.08154061537184,-3.62666292436103,-2.97274294303153,0.273449939368672,16.1589737949299,TRUE,NA
"l",4.53,-4.08583385067816,-3.63127224130938,-2.97760916920217,0.27347795066565,16.1940382553476,TRUE,NA
"l",4.54,-4.09012256131703,-3.6358760805756,-2.98246921930348,0.273505896461793,16.2291025665945,TRUE,NA
"l",4.55,-4.09440676152289,-3.64047446139676,-2.98732311610918,0.273533776817347,16.2641667288043,TRUE,NA
"l",4.56,-4.09868646545643,-3.6450674028989,-2.99217088225566,0.273561591799867,16.2992307421157,TRUE,NA
"l",4.57,-4.10296168720475,-3.64965492409749,-2.99701254024289,0.273589341474646,16.33429460667,TRUE,NA
"l",4.58,-4.10723244078203,-3.6542370438986,-3.00184811243574,0.273617025909468,16.3693583226123,TRUE,NA
"l",4.59,-4.11149874013007,-3.65881378109964,-3.006677621065,0.273644645173604,16.4044218900913,TRUE,NA
"l",4.6,-4.11576059911879,-3.66338515439027,-3.01150108822849,0.273672199337802,16.4394853092587,TRUE,NA
"l",4.61,-4.12001803154674,-3.66795118235328,-3.01631853589229,0.273699688474299,16.4745485802702,TRUE,NA
"l",4.62,-4.1242710511416,-3.6725118834654,-3.02112998589167,0.273727112656638,16.5096117032847,TRUE,NA
"l",4.63,-4.12851967156072,-3.67706727609812,-3.02593545993222,0.273754471959601,16.5446746784638,TRUE,NA
"l",4.64,-4.13276390639149,-3.68161737851853,-3.03073497959089,0.273781766459894,16.5797375059722,TRUE,NA
"l",4.65,-4.13700376915211,-3.68616220889026,-3.03552856631717,0.273808996235185,16.6148001859787,TRUE,NA
"l",4.66,-4.14123927329178,-3.6907017852741,-3.04031624143397,0.273836161364168,16.6498627186542,TRUE,NA
"l",4.67,-4.14547043219138,-3.69523612562896,-3.04509802613875,0.273863261927209,16.684925104173,TRUE,NA
"l",4.68,-4.14969725916388,-3.69976524781259,-3.04987394150452,0.273890298005812,16.7199873427123,TRUE,NA
"l",4.69,-4.15391976745483,-3.7042891695824,-3.0546440084808,0.273917269682707,16.7550494344521,TRUE,NA
"l",4.7,-4.15813797024279,-3.70880790859619,-3.05940824789469,0.273944177041837,16.7901113795749,TRUE,NA
"l",4.71,-4.16235188063992,-3.71332148241303,-3.06416668045188,0.273971020168273,16.8251731782666,TRUE,NA
"l",4.72,-4.16656151169226,-3.7178299084939,-3.06891932673745,0.273997799148364,16.8602348307152,TRUE,NA
"l",4.73,-4.17076687638044,-3.72233320420261,-3.07366620721715,0.27402451406935,16.8952963371123,TRUE,NA
"l",4.74,-4.17496798761983,-3.72683138680631,-3.07840734223801,0.274051165019887,16.9303576976504,TRUE,NA
"l",4.75,-4.17916485826128,-3.73132447347648,-3.08314275202956,0.274077752089496,16.965418912526,TRUE,NA
"l",4.76,-4.18335750109133,-3.73581248128949,-3.0878724567046,0.274104275368932,17.0004799819371,TRUE,NA
"l",4.77,-4.18754592883297,-3.74029542722756,-3.09259647626036,0.274130734949664,17.0355409060855,TRUE,NA
"l",4.78,-4.19173015414569,-3.74477332817916,-3.09731483057908,0.274157130924494,17.0706016851742,TRUE,NA
"l",4.79,-4.19591018962619,-3.74924620093997,-3.1020275394292,0.274183463387105,17.1056623194089,TRUE,NA
"l",4.8,-4.20008604780871,-3.75371406221348,-3.10673462246614,0.274209732432178,17.1407228089975,TRUE,NA
"l",4.81,-4.2042577411655,-3.75817692861173,-3.11143609923324,0.274235938155327,17.17578315415,TRUE,NA
"l",4.82,-4.2084252821072,-3.762634816656,-3.1161319891626,0.274262080653101,17.2108433550791,TRUE,NA
"l",4.83,-4.21258868298332,-3.76708774277751,-3.12082231157596,0.274288160022966,17.2459034119991,TRUE,NA
"l",4.84,-4.21674795608261,-3.77153572331805,-3.12550708568571,0.274314176363293,17.2809633251269,TRUE,NA
"l",4.85,-4.22090311363349,-3.77597877453073,-3.13018633059542,0.274340129773297,17.316023094681,TRUE,NA
"l",4.86,-4.22505416780448,-3.78041691258056,-3.13486006530106,0.274366020353071,17.3510827208819,TRUE,NA
"l",4.87,-4.22920113070456,-3.78485015354521,-3.13952830869165,0.274391848203538,17.3861422039527,TRUE,NA
"l",4.88,-4.23334401438364,-3.78927851341559,-3.14419107955004,0.274417613426436,17.4212015441178,TRUE,NA
"l",4.89,-4.23748283083291,-3.79370200809652,-3.1488483965539,0.274443316124289,17.4562607416037,TRUE,NA
"l",4.9,-4.24161759198524,-3.7981206534074,-3.15350027827644,0.274468956400408,17.4913197966386,TRUE,NA
"l",4.91,-4.24574830971558,-3.80253446508279,-3.15814674318711,0.274494534358898,17.5263787094527,TRUE,NA
"l",4.92,-4.2498749958414,-3.80694345877312,-3.16278780965269,0.274520050104533,17.5614374802779,TRUE,NA
"l",4.93,-4.25399766212299,-3.81134765004523,-3.16742349593778,0.274545503742913,17.5964961093478,TRUE,NA
"l",4.94,-4.25811632026388,-3.81574705438305,-3.17205382020578,0.274570895380289,17.6315545968976,TRUE,NA
"l",4.95,-4.26223098191126,-3.82014168718817,-3.17667880051956,0.274596225123578,17.6666129431643,TRUE,NA
"l",4.96,-4.26634165865631,-3.82453156378051,-3.18129845484231,0.274621493080447,17.7016711483862,TRUE,NA
"l",4.97,-4.27044836203458,-3.82891669939885,-3.18591280103825,0.27464669935917,17.7367292128038,TRUE,NA
"l",4.98,-4.27455110352636,-3.83329710920145,-3.19052185687336,0.274671844068677,17.7717871366584,TRUE,NA
"l",4.99,-4.27864989455708,-3.83767280826668,-3.19512564001622,0.274696927318554,17.8068449201934,TRUE,NA
"l",5,-4.28274474649762,-3.84204381159354,-3.19972416803862,0.27472194921896,17.841902563653,TRUE,NA
"l",5.01,-4.28683567066473,-3.84641013410228,-3.20431745841647,0.274746909880683,17.8769600672834,TRUE,NA
"l",5.02,-4.29092267832133,-3.85077179063498,-3.20890552853032,0.274771809415089,17.9120174313323,TRUE,NA
"l",5.03,-4.29500578067688,-3.85512879595604,-3.21348839566618,0.274796647934127,17.9470746560477,TRUE,NA
"l",5.04,-4.29908498888781,-3.85948116475293,-3.21806607701637,0.274821425550275,17.9821317416805,TRUE,NA
"l",5.05,-4.30316031405775,-3.8638289116365,-3.2226385896799,0.274846142376549,18.0171886884815,TRUE,NA
"l",5.06,-4.30723176723794,-3.86817205114172,-3.22720595066344,0.274870798526518,18.0522454967036,TRUE,NA
"l",5.07,-4.31129935942757,-3.87251059772817,-3.23176817688199,0.274895394114262,18.0873021666006,TRUE,NA
"l",5.08,-4.31536310157413,-3.87684456578053,-3.23632528515934,0.274919929254319,18.1223586984275,TRUE,NA
"l",5.09,-4.3194230045737,-3.88117396960922,-3.24087729222908,0.274944404061788,18.1574150924405,TRUE,NA
"l",5.1,-4.32347907927134,-3.88549882345086,-3.24542421473498,0.274968818652162,18.192471348897,TRUE,NA
"l",5.11,-4.3275313364614,-3.8898191414688,-3.24996606923185,0.274993173141449,18.2275274680555,TRUE,NA
"l",5.12,-4.33157978688783,-3.89413493775366,-3.25450287218604,0.27501746764608,18.2625834501752,TRUE,NA
"l",5.13,-4.33562444124456,-3.89844622632389,-3.25903463997627,0.275041702282911,18.2976392955171,TRUE,NA
"l",5.14,-4.33966531017574,-3.9027530211262,-3.26356138889411,0.275065877169285,18.3326950043427,TRUE,NA
"l",5.15,-4.34370240427613,-3.90705533603609,-3.26808313514472,0.275089992422901,18.3677505769142,TRUE,NA
"l",5.16,-4.34773573409147,-3.91135318485848,-3.27259989484754,0.275114048161758,18.4028060134959,TRUE,NA
"l",5.17,-4.3517653101186,-3.91564658132796,-3.27711168403667,0.275138044504464,18.4378613143515,TRUE,NA
"l",5.18,-4.35579114280597,-3.91993553910955,-3.28161851866183,0.275161981569851,18.472916479747,TRUE,NA
"l",5.19,-4.35981324255388,-3.92422007179898,-3.28612041458867,0.275185859477138,18.5079715099481,TRUE,NA
"l",5.2,-4.36383161971477,-3.92850019292335,-3.29061738759962,0.275209678345929,18.5430264052225,TRUE,NA
"l",5.21,-4.36784628459356,-3.93277591594148,-3.29510945339437,0.275233438296128,18.5780811658377,TRUE,NA
"l",5.22,-4.3718572474479,-3.93704725424444,-3.29959662759046,0.275257139448011,18.6131357920627,TRUE,NA
"l",5.23,-4.37586451848856,-3.94131422115603,-3.30407892572394,0.27528078192214,18.6481902841671,TRUE,NA
"l",5.24,-4.37986810787963,-3.94557682993324,-3.30855636324992,0.275304365839407,18.6832446424211,TRUE,NA
"l",5.25,-4.38386802573888,-3.94983509376672,-3.31302895554317,0.275327891320995,18.7182988670957,TRUE,NA
"l",5.26,-4.38786428213804,-3.95408902578122,-3.31749671789869,0.275351358488387,18.7533529584627,TRUE,NA
"l",5.27,-4.39185688710309,-3.9583386390361,-3.3219596655323,0.275374767463266,18.7884069167949,TRUE,NA
"l",5.28,-4.39584585061448,-3.96258394652562,-3.32641781358107,0.275398118367871,18.8234607423645,TRUE,NA
"l",5.29,-4.3998311826076,-3.96682496117973,-3.33087117710421,0.27542141132427,18.8585144354461,TRUE,NA
"l",5.3,-4.40381289297287,-3.97106169586415,-3.33531977108329,0.27544464645505,18.8935679963141,TRUE,NA
"l",5.31,-4.40779099155607,-3.97529416338095,-3.33976361042294,0.27546782388304,18.9286214252428,TRUE,NA
"l",5.32,-4.41176548815869,-3.97952237646904,-3.34420270995136,0.275490943731232,18.9636747225081,TRUE,NA
"l",5.33,-4.41573639253818,-3.98374634780461,-3.34863708442095,0.275514006122831,18.9987278883861,TRUE,NA
"l",5.34,-4.4197037144082,-3.98796609000143,-3.35306674850875,0.275537011181299,19.0337809231536,TRUE,NA
"l",5.35,-4.42366746343886,-3.99218161561138,-3.35749171681695,0.275559959030288,19.0688338270875,TRUE,NA
"l",5.36,-4.42762764925707,-3.99639293712485,-3.36191200387354,0.27558284979365,19.1038866004657,TRUE,NA
"l",5.37,-4.43158428144678,-4.00060006697117,-3.36632762413277,0.275605683595396,19.1389392435661,TRUE,NA
"l",5.38,-4.43553736954919,-4.00480301751898,-3.37073859197557,0.275628460559808,19.1739917566673,TRUE,NA
"l",5.39,-4.43948692306313,-4.0090018010767,-3.37514492171027,0.27565118081121,19.2090441400486,TRUE,NA
"l",5.4,-4.44343295144521,-4.0131964298929,-3.37954662757291,0.275673844474174,19.244096393989,TRUE,NA
"l",5.41,-4.44737546411013,-4.01738691615671,-3.38394372372785,0.275696451673411,19.2791485187688,TRUE,NA
"l",5.42,-4.45131447043095,-4.02157327199823,-3.38833622426826,0.275719002533772,19.3142005146679,TRUE,NA
"l",5.43,-4.4552499797393,-4.02575550948889,-3.39272414321664,0.275741497180258,19.349252381967,TRUE,NA
"l",5.44,-4.4591820013257,-4.02993364064192,-3.39710749452521,0.275763935737991,19.384304120947,TRUE,NA
"l",5.45,-4.46311054443973,-4.03410767741264,-3.40148629207645,0.275786318332286,19.419355731889,TRUE,NA
"l",5.46,-4.46703561829044,-4.03827763169905,-3.40586054968378,0.27580864508829,19.4544072150755,TRUE,NA
"l",5.47,-4.47095723204629,-4.0424435153418,-3.41023028109152,0.27583091613178,19.489458570787,TRUE,NA
"l",5.48,-4.47487539483575,-4.04660534012505,-3.414595499976,0.275853131588197,19.5245097993065,TRUE,NA
"l",5.49,-4.47879011574735,-4.05076311777657,-3.4189562199456,0.275875291583226,19.5595609009161,TRUE,NA
"l",5.5,-4.48270140382992,-4.05491685996818,-3.42331245454134,0.275897396242637,19.5946118758987,TRUE,NA
"l",5.51,-4.48660926809291,-4.05906657831612,-3.42766421723741,0.275919445692291,19.6296627245372,TRUE,NA
"l",5.52,-4.49051371750654,-4.06321228438134,-3.4320115214414,0.275941440058171,19.6647134471144,TRUE,NA
"l",5.53,-4.49441476100214,-4.06735398967009,-3.43635438049516,0.2759633794662,19.6997640439139,TRUE,NA
"l",5.54,-4.49831240747229,-4.071491705634,-3.44069280767479,0.275985264042469,19.7348145152192,TRUE,NA
"l",5.55,-4.50220666577111,-4.07562544367063,-3.44502681619145,0.276007093913107,19.7698648613138,TRUE,NA
"l",5.56,-4.50609754471447,-4.07975521512376,-3.44935641919154,0.276028869204279,19.8049150824818,TRUE,NA
"l",5.57,-4.50998505308021,-4.08388103128371,-3.45368162975732,0.276050590042209,19.8399651790069,TRUE,NA
"l",5.58,-4.5138691996084,-4.08800290338776,-3.45800246090727,0.27607225655315,19.8750151511733,TRUE,NA
"l",5.59,-4.51774999300153,-4.09212084262047,-3.46231892559652,0.276093868863387,19.9100649992655,TRUE,NA
"l",5.6,-4.52162744192478,-4.09623486011399,-3.46663103671726,0.276115427099254,19.9451147235673,TRUE,NA
"l",5.61,-4.52550155500617,-4.10034496694843,-3.47093880709917,0.276136931387116,19.9801643243632,TRUE,NA
"l",5.62,-4.52937234083688,-4.10445117415223,-3.47524224950996,0.276158381853245,20.0152138019382,TRUE,NA
"l",5.63,-4.53323980797139,-4.10855349270243,-3.47954137665558,0.276179778624035,20.0502631565764,TRUE,NA
"l",5.64,-4.53710396492771,-4.11265193352505,-3.48383620118079,0.276201121825828,20.0853123885628,TRUE,NA
"l",5.65,-4.54096482018761,-4.11674650749536,-3.48812673566948,0.276222411585083,20.1203614981816,TRUE,NA
"l",5.66,-4.54482238219686,-4.1208372254383,-3.49241299264506,0.276243648028113,20.1554104857176,TRUE,NA
"l",5.67,-4.54867665936539,-4.12492409812872,-3.49669498457107,0.276264831281257,20.1904593514555,TRUE,NA
"l",5.68,-4.55252766006754,-4.12900713629176,-3.50097272385123,0.276285961470884,20.2255080956801,TRUE,NA
"l",5.69,-4.55637539264226,-4.13308635060312,-3.50524622283017,0.276307038723295,20.2605567186758,TRUE,NA
"l",5.7,-4.56021986539329,-4.13716175168944,-3.5095154937936,0.276328063164773,20.2956052207276,TRUE,NA
"l",5.71,-4.56406108658942,-4.14123335012852,-3.51378054896879,0.276349034921586,20.3306536021199,TRUE,NA
"l",5.72,-4.56789906446468,-4.14530115644972,-3.51804140052497,0.276369954119967,20.3657018631373,TRUE,NA
"l",5.73,-4.57173380721848,-4.14936518113423,-3.52229806057364,0.276390820886089,20.4007500040644,TRUE,NA
"l",5.74,-4.5755653230159,-4.15342543461538,-3.52655054116899,0.276411635346094,20.4357980251856,TRUE,NA
"l",5.75,-4.57939361998784,-4.15748192727893,-3.53079885430833,0.276432397626087,20.4708459267854,TRUE,NA
"l",5.76,-4.58321870623123,-4.1615346694634,-3.53504301193236,0.276453107852098,20.5058937091479,TRUE,NA
"l",5.77,-4.58704058980923,-4.16558367146034,-3.53928302592558,0.276473766150113,20.5409413725575,TRUE,NA
"l",5.78,-4.59085927875143,-4.16962894351467,-3.54351890811673,0.27649437264605,20.5759889172981,TRUE,NA
"l",5.79,-4.59467478105402,-4.17367049582489,-3.54775067027902,0.276514927465764,20.6110363436537,TRUE,NA
"l",5.8,-4.59848710468002,-4.17770833854348,-3.55197832413055,0.27653543073504,20.6460836519084,TRUE,NA
"l",5.81,-4.60229625755947,-4.1817424817771,-3.55620188133478,0.276555882579599,20.6811308423458,TRUE,NA
"l",5.82,-4.60610224758954,-4.18577293558693,-3.56042135350067,0.276576283125053,20.7161779152494,TRUE,NA
"l",5.83,-4.60990508263486,-4.18979970998891,-3.56463675218319,0.276596632496973,20.7512248709027,TRUE,NA
"l",5.84,-4.61370477052759,-4.19382281495409,-3.56884808888358,0.276616930820812,20.7862717095889,TRUE,NA
"l",5.85,-4.61750131906763,-4.19784226040883,-3.57305537504982,0.27663717822113,20.8213184315913,TRUE,NA
"l",5.86,-4.62129473602286,-4.20185805623514,-3.57725862207681,0.276657374825681,20.8563650371925,TRUE,NA
"l",5.87,-4.62508502912926,-4.20587021227092,-3.5814578413068,0.27667752075717,20.8914115266755,TRUE,NA
"l",5.88,-4.62887220609111,-4.20987873831025,-3.58565304402974,0.276697616141512,20.9264579003227,TRUE,NA
"l",5.89,-4.6326562745812,-4.21388364410364,-3.58984424148358,0.276717661103691,20.9615041584166,TRUE,NA
"l",5.9,-4.63643724224097,-4.21788493935836,-3.59403144485462,0.276737655768576,20.9965503012391,TRUE,NA
"l",5.91,-4.6402151166807,-4.22188263373859,-3.59821466527777,0.276757600260948,21.031596329072,TRUE,NA
"l",5.92,-4.6439899054797,-4.22587673686585,-3.60239391383705,0.276777494705438,21.0666422421974,TRUE,NA
"l",5.93,-4.64776161618648,-4.22986725831908,-3.60656920156572,0.276797339226594,21.1016880408963,TRUE,NA
"l",5.94,-4.65153025631891,-4.23385420763505,-3.61074053944667,0.276817133948818,21.1367337254502,TRUE,NA
"l",5.95,-4.6552958333644,-4.23783759430855,-3.61490793841282,0.276836878996402,21.1717792961399,TRUE,NA
"l",5.96,-4.65905835478009,-4.24181742779266,-3.61907140934734,0.276856574493507,21.2068247532463,TRUE,NA
"l",5.97,-4.662817827993,-4.24579371749896,-3.62323096308392,0.276876220564182,21.2418700970494,TRUE,NA
"l",5.98,-4.66657426040019,-4.24976647279785,-3.62738661040724,0.276895817332315,21.2769153278295,TRUE,NA
"l",5.99,-4.67032765936896,-4.25373570301882,-3.63153836205314,0.276915364921672,21.3119604458669,TRUE,NA
"l",6,-4.674078032237,-4.25770141745059,-3.63568622870902,0.276934863455881,21.3470054514405,TRUE,NA
"l",6.01,-4.67782538631254,-4.26166362534143,-3.63983022101406,0.276954313058434,21.38205034483,TRUE,NA
"l",6.02,-4.68156972887455,-4.26562233589944,-3.64397034955955,0.276973713852669,21.4170951263145,TRUE,NA
"l",6.03,-4.68531106717285,-4.26957755829269,-3.64810662488922,0.276993065961785,21.4521397961724,TRUE,NA
"l",6.04,-4.68904940842835,-4.27352930164955,-3.65223905749954,0.277012369508832,21.4871843546823,TRUE,NA
"l",6.05,-4.69278475983313,-4.27747757505891,-3.65636765783992,0.277031624616701,21.5222288021221,TRUE,NA
"l",6.06,-4.69651712855065,-4.28142238757039,-3.66049243631314,0.27705083140814,21.5572731387695,TRUE,NA
"l",6.07,-4.70024652171588,-4.28536374819458,-3.66461340327549,0.277069990005723,21.5923173649023,TRUE,NA
"l",6.08,-4.7039729464355,-4.28930166590332,-3.66873056903726,0.277089100531881,21.6273614807971,TRUE,NA
"l",6.09,-4.707696409788,-4.29323614962984,-3.67284394386272,0.277108163108887,21.6624054867309,TRUE,NA
"l",6.1,-4.71141691882389,-4.29716720826914,-3.67695353797077,0.277127177858831,21.69744938298,TRUE,NA
"l",6.11,-4.71513448056579,-4.30109485067803,-3.68105936153491,0.277146144903649,21.7324931698205,TRUE,NA
"l",6.12,-4.71884910200867,-4.3050190856755,-3.68516142468369,0.277165064365114,21.767536847528,TRUE,NA
"l",6.13,-4.7225607901199,-4.30893992204293,-3.68925973750096,0.277183936364812,21.802580416378,TRUE,NA
"l",6.14,-4.7262695518395,-4.31285736852419,-3.69335431002603,0.277202761024178,21.8376238766452,TRUE,NA
"l",6.15,-4.72997539408022,-4.31677143382604,-3.69744515225409,0.277221538464448,21.8726672286043,TRUE,NA
"l",6.16,-4.73367832372877,-4.32068212661936,-3.70153227413767,0.277240268806416,21.9077104725396,TRUE,NA
"l",6.17,-4.73737834764049,-4.32458945553357,-3.70561568558059,0.277258952171858,21.9427536086929,TRUE,NA
"l",6.18,-4.74107547265143,-4.32849342916951,-3.70969539645176,0.277277588680404,21.9777966373771,TRUE,NA
"l",6.19,-4.74476970556406,-4.33239405608434,-3.71377141656921,0.277296178453314,22.0128395588385,TRUE,NA
"l",6.2,-4.74846105315844,-4.33629134480349,-3.71784375571275,0.277314721610572,22.0478823733626,TRUE,NA
"l",6.21,-4.75214952218656,-4.34018530381469,-3.72191242361766,0.277333218272435,22.082925081218,TRUE,NA
"l",6.22,-4.75583511937458,-4.34407594157035,-3.72597742997733,0.277351668558873,22.1179676826766,TRUE,NA
"l",6.23,-4.75951785142254,-4.34796326648741,-3.73003878444302,0.27737007258966,22.1530101780099,TRUE,NA
"l",6.24,-4.76319772500457,-4.35184728694751,-3.73409649662423,0.277388430484387,22.1880525674886,TRUE,NA
"l",6.25,-4.76687474676897,-4.35572801129727,-3.73815057608885,0.277406742362437,22.2230948513836,TRUE,NA
"l",6.26,-4.77054892333841,-4.35960544784841,-3.74220103236346,0.277425008343011,22.2581370299653,TRUE,NA
"l",6.27,-4.77422026131,-4.36347960487798,-3.74624787493351,0.277443228545095,22.2931791035028,TRUE,NA
"l",6.28,-4.77788876725548,-4.3673504906286,-3.75029111324368,0.277461403087504,22.3282210722661,TRUE,NA
"l",6.29,-4.78155444772134,-4.37121811330859,-3.75433075669806,0.277479532088828,22.3632629365237,TRUE,NA
"l",6.3,-4.78521730922893,-4.37508248109224,-3.75836681466035,0.277497615667462,22.3983046965441,TRUE,NA
"l",6.31,-4.78887735827464,-4.37894360211993,-3.76239929645415,0.2775156539416,22.4333463525955,TRUE,NA
"l",6.32,-4.79253460132999,-4.38280148449842,-3.76642821136322,0.277533647029235,22.4683879049452,TRUE,NA
"l",6.33,-4.79618904484181,-4.38665613630093,-3.77045356863168,0.277551595048143,22.5034293538605,TRUE,NA
"l",6.34,-4.79984069523231,-4.39050756556745,-3.77447537746422,0.277569498115898,22.5384706996082,TRUE,NA
"l",6.35,-4.80348955889926,-4.39435578030484,-3.77849364702644,0.277587356349863,22.5735119424544,TRUE,NA
"l",6.36,-4.80713564221612,-4.39820078848705,-3.78250838644489,0.2776051698672,22.6085530826646,TRUE,NA
"l",6.37,-4.81077895153211,-4.40204259805533,-3.7865196048075,0.277622938784843,22.6435941205045,TRUE,NA
"l",6.38,-4.81441949317243,-4.4058812169184,-3.79052731116373,0.277640663219516,22.6786350562387,TRUE,NA
"l",6.39,-4.81805727343829,-4.40971665295261,-3.79453151452472,0.277658343287748,22.7136758901317,TRUE,NA
"l",6.4,-4.82169229860713,-4.41354891400215,-3.79853222386364,0.277675979105826,22.7487166224473,TRUE,NA
"l",6.41,-4.82532457493266,-4.41737800787927,-3.80252944811583,0.277693570789832,22.7837572534491,TRUE,NA
"l",6.42,-4.82895410864504,-4.42120394236435,-3.80652319617905,0.277711118455628,22.8187977833998,TRUE,NA
"l",6.43,-4.83258090595099,-4.42502672520623,-3.81051347691373,0.277728622218867,22.853838212562,TRUE,NA
"l",6.44,-4.83620497303391,-4.42884636412224,-3.81450029914309,0.277746082194966,22.8888785411979,TRUE,NA
"l",6.45,-4.83982631605399,-4.4326628667985,-3.81848367165346,0.277763498499126,22.9239187695687,TRUE,NA
"l",6.46,-4.84344494114835,-4.43647624089001,-3.82246360319446,0.277780871246332,22.9589588979355,TRUE,NA
"l",6.47,-4.84706085443117,-4.44028649402087,-3.82644010247914,0.277798200551334,22.9939989265591,TRUE,NA
"l",6.48,-4.85067406199376,-4.44409363378443,-3.83041317818437,0.277815486528674,23.0290388556991,TRUE,NA
"l",6.49,-4.85428456990475,-4.44789766774351,-3.83438283895082,0.277832729292651,23.0640786856153,TRUE,NA
"l",6.5,-4.85789238421013,-4.45169860343049,-3.83834909338335,0.277849928957343,23.0991184165667,TRUE,NA
"l",6.51,-4.86149751093344,-4.45549644834754,-3.84231195005114,0.277867085636607,23.134158048812,TRUE,NA
"l",6.52,-4.86509995607584,-4.45929120996681,-3.84627141748794,0.277884199444064,23.1691975826091,TRUE,NA
"l",6.53,-4.86869972561624,-4.46308289573049,-3.85022750419212,0.277901270493114,23.2042370182156,TRUE,NA
"l",6.54,-4.87229682551141,-4.46687151305111,-3.85418021862715,0.277918298896919,23.2392763558885,TRUE,NA
"l",6.55,-4.8758912616961,-4.47065706931161,-3.85812956922155,0.277935284768411,23.2743155958845,TRUE,NA
"l",6.56,-4.87948304008317,-4.47443957186556,-3.86207556436917,0.277952228220293,23.3093547384594,TRUE,NA
"l",6.57,-4.88307216656367,-4.47821902803726,-3.86601821242948,0.277969129365041,23.3443937838687,TRUE,NA
"l",6.58,-4.88665864700694,-4.481995445122,-3.86995752172759,0.277985988314884,23.3794327323678,TRUE,NA
"l",6.59,-4.89024248726081,-4.48576883038609,-3.87389350055461,0.27800280518183,23.4144715842107,TRUE,NA
"l",6.6,-4.89382369315158,-4.48953919106715,-3.87782615716773,0.278019580077648,23.4495103396519,TRUE,NA
"l",6.61,-4.89740227048425,-4.49330653437418,-3.8817554997905,0.278036313113868,23.4845489989443,TRUE,NA
"l",6.62,-4.90097822504254,-4.49707086748775,-3.88568153661287,0.278053004401788,23.5195875623412,TRUE,NA
"l",6.63,-4.90455156258906,-4.50083219756017,-3.88960427579166,0.278069654052467,23.5546260300947,TRUE,NA
"l",6.64,-4.90812228886539,-4.5045905317156,-3.89352372545045,0.278086262176727,23.5896644024573,TRUE,NA
"l",6.65,-4.91169040959218,-4.50834587705024,-3.8974398936799,0.278102828885152,23.6247026796798,TRUE,NA
"l",6.66,-4.91525593046925,-4.51209824063247,-3.90135278853795,0.278119354288094,23.6597408620132,TRUE,NA
"l",6.67,-4.91881885717576,-4.51584762950303,-3.90526241804996,0.278135838495652,23.6947789497079,TRUE,NA
"l",6.68,-4.92237919537022,-4.51959405067512,-3.90916879020892,0.278152281617697,23.7298169430135,TRUE,NA
"l",6.69,-4.92593695069065,-4.52333751113457,-3.91307191297565,0.278168683763864,23.7648548421795,TRUE,NA
"l",6.7,-4.92949212875469,-4.52707801784001,-3.91697179427888,0.278185045043522,23.7998926474544,TRUE,NA
"l",6.71,-4.93304473515968,-4.53081557772301,-3.9208684420156,0.278201365565831,23.8349303590867,TRUE,NA
"l",6.72,-4.93659477548276,-4.53455019768818,-3.92476186405104,0.278217645439692,23.8699679773237,TRUE,NA
"l",6.73,-4.94014225528132,-4.53828188461375,-3.92865206821937,0.278233884773703,23.905005502416,TRUE,NA
"l",6.74,-4.94368718009142,-4.54201064534987,-3.93253906232194,0.278250083676459,23.9400429346002,TRUE,NA
"l",6.75,-4.94722955543124,-4.54573648672237,-3.93642285413125,0.278266242255956,23.9750802741325,TRUE,NA
"l",6.76,-4.95076938679784,-4.54945941552925,-3.94030345138728,0.278282360620022,24.0101175212546,TRUE,NA
"l",6.77,-4.95430667966971,-4.55317943854355,-3.94418086180048,0.278298438876717,24.04515467622,TRUE,NA
"l",6.78,-4.95784143950256,-4.55689656250887,-3.94805509304713,0.278314477133399,24.0801917392489,TRUE,NA
"l",6.79,-4.96137367173739,-4.56061079414792,-3.95192615277844,0.278330475497001,24.1152287106091,TRUE,NA
"l",6.8,-4.96490338179264,-4.56432214015429,-3.95579404861171,0.278346434074625,24.150265590536,TRUE,NA
"l",6.81,-4.96843057506819,-4.56803060719673,-3.95965878813503,0.278362352972978,24.1853023792724,TRUE,NA
"l",6.82,-4.97195525694476,-4.57173620191847,-3.96352037890654,0.278378232298534,24.2203390770606,TRUE,NA
"l",6.83,-4.97547743278396,-4.57543893093742,-3.96737882845461,0.278394072157498,24.2553756841424,TRUE,NA
"l",6.84,-4.97899710792834,-4.5791388008462,-3.97123414427791,0.278409872655846,24.2904122007589,TRUE,NA
"l",6.85,-4.98251428770159,-4.58283581821232,-3.97508633384571,0.278425633899308,24.3254486271504,TRUE,NA
"l",6.86,-4.98602897740852,-4.58652998957836,-3.97893540459794,0.278441355993349,24.3604849635575,TRUE,NA
"l",6.87,-4.98954118233523,-4.590221321462,-3.98278136394542,0.278457039043216,24.3955212102193,TRUE,NA
"l",6.88,-4.99305090774918,-4.59390982035626,-3.98662421926993,0.278472683153886,24.430557367375,TRUE,NA
"l",6.89,-4.99655815889926,-4.59759549272954,-3.99046397792444,0.278488288430091,24.4655934352628,TRUE,NA
"l",6.9,-5.00006294101593,-4.60127834502583,-3.99430064723328,0.27850385497633,24.5006294141208,TRUE,NA
"l",6.91,-5.00356525931123,-4.60495838366476,-3.99813423449218,0.278519382896838,24.5356653041863,TRUE,NA
"l",6.92,-5.00706511897897,-4.60863561504178,-4.00196474696858,0.278534872295612,24.5707011056958,TRUE,NA
"l",6.93,-5.01056252519475,-4.61231004552828,-4.0057921919017,0.278550323276398,24.605736818886,TRUE,NA
"l",6.94,-5.01405748311606,-4.6159816814717,-4.00961657650265,0.278565735942686,24.6407724439921,TRUE,NA
"l",6.95,-5.01754999788238,-4.61965052919566,-4.01343790795464,0.278581110397734,24.6758079812494,TRUE,NA
"l",6.96,-5.02104007461528,-4.62331659500011,-4.01725619341317,0.278596446744535,24.7108434308926,TRUE,NA
"l",6.97,-5.02452771841846,-4.62697988516138,-4.02107144000607,0.278611745085915,24.7458787931554,TRUE,NA
"l",6.98,-5.02801293437791,-4.63064040593243,-4.0248836548338,0.278627005524173,24.7809140682716,TRUE,NA
"l",6.99,-5.03149572756191,-4.63429816354283,-4.02869284496934,0.278642228161757,24.8159492564738,TRUE,NA
"l",7,-5.03497610302119,-4.63795316419896,-4.03249901745868,0.278657413100619,24.8509843579944,TRUE,NA
"l",7.01,-5.03845406578897,-4.64160541408415,-4.03630217932063,0.278672560442506,24.8860193730655,TRUE,NA
"l",7.02,-5.04192962088106,-4.64525491935873,-4.04010233754721,0.27868767028894,24.9210543019178,TRUE,NA
"l",7.03,-5.04540277329595,-4.64890168616021,-4.04389949910369,0.278702742741155,24.9560891447824,TRUE,NA
"l",7.04,-5.04887352801487,-4.65254572060338,-4.04769367092877,0.278717777900184,24.9911239018894,TRUE,NA
"l",7.05,-5.05234189000191,-4.65618702878036,-4.05148485993457,0.278732775866773,25.0261585734681,TRUE,NA
"l",7.06,-5.05580786420407,-4.65982561676087,-4.05527307300696,0.278747736741445,25.0611931597477,TRUE,NA
"l",7.07,-5.05927145555136,-4.66346149059216,-4.05905831700577,0.278762660624457,25.0962276609568,TRUE,NA
"l",7.08,-5.06273266895685,-4.6670946562993,-4.06284059876458,0.278777547615822,25.131262077323,TRUE,NA
"l",7.09,-5.06619150931682,-4.67072511988515,-4.0666199250912,0.278792397815303,25.1662964090739,TRUE,NA
"l",7.1,-5.06964798151076,-4.67435288733055,-4.07039630276759,0.278807211322423,25.2013306564361,TRUE,NA
"l",7.11,-5.07310209040149,-4.67797796459444,-4.07416973855018,0.278821988236444,25.236364819636,TRUE,NA
"l",7.12,-5.07655384083525,-4.68160035761393,-4.07794023916978,0.278836728656384,25.2713988988992,TRUE,NA
"l",7.13,-5.08000323764176,-4.68522007230443,-4.08170781133192,0.278851432681013,25.3064328944508,TRUE,NA
"l",7.14,-5.08345028563434,-4.68883711455978,-4.08547246171696,0.278866100408848,25.3414668065158,TRUE,NA
"l",7.15,-5.08689498960986,-4.69245149025232,-4.08923419698,0.278880731938163,25.3765006353179,TRUE,NA
"l",7.16,-5.09033735434894,-4.696063205233,-4.09299302375124,0.278895327366983,25.4115343810802,TRUE,NA
"l",7.17,-5.09377738461595,-4.69967226533142,-4.09674894863598,0.278909886793119,25.4465680440249,TRUE,NA
"l",7.18,-5.09721508515937,-4.70327867635635,-4.10050197821512,0.278924410314034,25.4816016243763,TRUE,NA
"l",7.19,-5.10065046071137,-4.70688244409519,-4.1042521190446,0.27893889802704,25.5166351223551,TRUE,NA
"l",7.2,-5.10408351598823,-4.71048357431452,-4.10799937765608,0.278953350029159,25.5516685381828,TRUE,NA
"l",7.21,-5.10751425569033,-4.71408207276006,-4.1117437605569,0.278967766417182,25.5867018720799,TRUE,NA
"l",7.22,-5.11094268450222,-4.71767794515681,-4.11548527423017,0.278982147287635,25.6217351242668,TRUE,NA
"l",7.23,-5.1143688070927,-4.72127119720913,-4.11922392513485,0.278996492736814,25.6567682949628,TRUE,NA
"l",7.24,-5.11779262811488,-4.72486183460087,-4.12295971970611,0.279010802860755,25.691801384387,TRUE,NA
"l",7.25,-5.12121415220628,-4.72844986299546,-4.12669266435518,0.27902507775525,25.7268343927579,TRUE,NA
"l",7.26,-5.12463338398889,-4.73203528803599,-4.13042276546958,0.279039317515845,25.7618673202934,TRUE,NA
"l",7.27,-5.12805032806922,-4.73561811534536,-4.13415002941331,0.279053522237833,25.7969001672109,TRUE,NA
"l",7.28,-5.13146498903843,-4.73919835052632,-4.13787446252686,0.279067692016277,25.8319329337272,TRUE,NA
"l",7.29,-5.13487737147232,-4.74277599916163,-4.1415960711274,0.279081826945971,25.8669656200585,TRUE,NA
"l",7.3,-5.13828747993148,-4.74635106681412,-4.14531486150882,0.279095927121483,25.9019982264206,TRUE,NA
"l",7.31,-5.14169531896131,-4.74992355902682,-4.14903083994203,0.279109992637119,25.9370307530286,TRUE,NA
"l",7.32,-5.14510089309211,-4.75349348132302,-4.15274401267484,0.279124023586949,25.9720632000973,TRUE,NA
"l",7.33,-5.14850420683915,-4.75706083920638,-4.15645438593217,0.279138020064794,26.0070955678404,TRUE,NA
"l",7.34,-5.15190526470273,-4.76062563816108,-4.16016196591631,0.279151982164224,26.0421278564718,TRUE,NA
"l",7.35,-5.15530407116826,-4.76418788365178,-4.1638667588068,0.279165909978582,26.077160066204,TRUE,NA
"l",7.36,-5.15870063070633,-4.76774758112394,-4.16756877076071,0.279179803600934,26.11219219725,TRUE,NA
"l",7.37,-5.16209494777272,-4.77130473600361,-4.17126800791264,0.279193663124139,26.1472242498206,TRUE,NA
"l",7.38,-5.16548702680869,-4.77485935369795,-4.17496447637506,0.279207488640785,26.1822562241289,TRUE,NA
"l",7.39,-5.16887687224063,-4.77841143959478,-4.178658182238,0.279221280243225,26.2172881203841,TRUE,NA
"l",7.4,-5.17226448848054,-4.78196099906313,-4.18234913156961,0.279235038023563,26.2523199387969,TRUE,NA
"l",7.41,-5.17564987992591,-4.78550803745316,-4.18603733041603,0.279248762073668,26.287351679577,TRUE,NA
"l",7.42,-5.17903305095977,-4.78905256009622,-4.18972278480149,0.279262452485158,26.3223833429336,TRUE,NA
"l",7.43,-5.18241400595082,-4.79259457230501,-4.19340550072859,0.279276109349415,26.3574149290752,TRUE,NA
"l",7.44,-5.18579274925346,-4.79613407937361,-4.19708548417817,0.279289732757566,26.3924464382098,TRUE,NA
"l",7.45,-5.18916928520789,-4.79967108657764,-4.20076274110963,0.279303322800513,26.427477870545,TRUE,NA
"l",7.46,-5.19254361814011,-4.80320559917429,-4.20443727746099,0.279316879568895,26.4625092262877,TRUE,NA
"l",7.47,-5.19591575236205,-4.80673762240242,-4.20810909914879,0.279330403153136,26.4975405056441,TRUE,NA
"l",7.48,-5.19928569217155,-4.81026716148265,-4.2117782120685,0.279343893643389,26.5325717088199,TRUE,NA
"l",7.49,-5.20265344185269,-4.81379422161764,-4.21544462209462,0.279357351129576,26.5676028360217,TRUE,NA
"l",7.5,-5.20601900567534,-4.81731880799167,-4.21910833508033,0.279370775701392,26.6026338874528,TRUE,NA
"l",7.51,-5.20938238789572,-4.82084092577129,-4.22276935685814,0.279384167448277,26.6376648633181,TRUE,NA
"l",7.52,-5.21274359275623,-4.8243605801051,-4.22642769323976,0.279397526459436,26.672695763821,TRUE,NA
"l",7.53,-5.21610262448555,-4.82787777612393,-4.23008335001617,0.279410852823812,26.7077265891652,TRUE,NA
"l",7.54,-5.21945948729872,-4.83139251894088,-4.23373633295778,0.279424146630181,26.7427573395526,TRUE,NA
"l",7.55,-5.22281418539716,-4.83490481365144,-4.23738664781454,0.279437407966978,26.7777880151858,TRUE,NA
"l",7.56,-5.22616672296877,-4.83841466533357,-4.241034300316,0.279450636922456,26.8128186162663,TRUE,NA
"l",7.57,-5.22951710418799,-4.84192207904774,-4.24467929617143,0.279463833584638,26.8478491429948,TRUE,NA
"l",7.58,-5.23286533321582,-4.84542705983707,-4.24832164106995,0.279476998041281,26.8828795955719,TRUE,NA
"l",7.59,-5.23621141419995,-4.84892961272743,-4.25196134068053,0.279490130379918,26.9179099741978,TRUE,NA
"l",7.6,-5.23955535127473,-4.85242974272743,-4.25559840065227,0.279503230687845,26.9529402790717,TRUE,NA
"l",7.61,-5.24289714856132,-4.85592745482858,-4.25923282661432,0.279516299052117,26.9879705103925,TRUE,NA
"l",7.62,-5.24623681016768,-4.85942275400537,-4.26286462417603,0.279529335559549,27.0230006683584,TRUE,NA
"l",7.63,-5.24957434018868,-4.86291564521529,-4.26649379892708,0.279542340296729,27.0580307531675,TRUE,NA
"l",7.64,-5.25290974270611,-4.86640613339897,-4.27012035643758,0.279555313350004,27.0930607650167,TRUE,NA
"l",7.65,-5.25624302178877,-4.86989422348025,-4.27374430225809,0.279568254805482,27.1280907041032,TRUE,NA
"l",7.66,-5.25957418149253,-4.87337992036623,-4.27736564191979,0.27958116474904,27.1631205706228,TRUE,NA
"l",7.67,-5.26290322586036,-4.8768632289474,-4.2809843809346,0.279594043266321,27.1981503647714,TRUE,NA
"l",7.68,-5.26623015892243,-4.88034415409764,-4.28460052479514,0.279606890442727,27.2331800867442,TRUE,NA
"l",7.69,-5.26955498469612,-4.88382270067439,-4.28821407897494,0.279619706363433,27.2682097367357,TRUE,NA
"l",7.7,-5.2728777071861,-4.88729887351866,-4.29182504892857,0.279632491113383,27.3032393149402,TRUE,NA
"l",7.71,-5.27619833038439,-4.89077267745513,-4.29543344009152,0.279645244777276,27.338268821551,TRUE,NA
"l",7.72,-5.2795168582704,-4.89424411729224,-4.29903925788055,0.279657967439591,27.3732982567614,TRUE,NA
"l",7.73,-5.28283329481101,-4.89771319782227,-4.30264250769362,0.279670659184561,27.4083276207638,TRUE,NA
"l",7.74,-5.28614764396061,-4.90117992382135,-4.30624319491004,0.279683320096201,27.4433569137503,TRUE,NA
"l",7.75,-5.28945990966113,-4.9046443000496,-4.30984132489052,0.279695950258287,27.4783861359122,TRUE,NA
"l",7.76,-5.29277009584214,-4.90810633125125,-4.31343690297732,0.279708549754357,27.5134152874409,TRUE,NA
"l",7.77,-5.2960782064209,-4.91156602215456,-4.31702993449421,0.279721118667741,27.5484443685264,TRUE,NA
"l",7.78,-5.29938424530236,-4.91502337747206,-4.32062042474677,0.279733657081511,27.5834733793588,TRUE,NA
"l",7.79,-5.30268821637928,-4.91847840190051,-4.3242083790223,0.279746165078525,27.6185023201276,TRUE,NA
"l",7.8,-5.30599012353224,-4.92193110012104,-4.32779380258995,0.279758642741412,27.6535311910217,TRUE,NA
"l",7.81,-5.30928997062971,-4.92538147679919,-4.33137670070086,0.279771090152563,27.6885599922293,TRUE,NA
"l",7.82,-5.31258776152811,-4.92882953658497,-4.33495707858814,0.279783507394145,27.7235887239382,TRUE,NA
"l",7.83,-5.31588350007186,-4.93227528411298,-4.3385349414671,0.279795894548108,27.7586173863363,TRUE,NA
"l",7.84,-5.31917719009339,-4.93571872400244,-4.34211029453519,0.279808251696161,27.7936459796098,TRUE,NA
"l",7.85,-5.32246883541325,-4.93915986085727,-4.34568314297219,0.279820578919767,27.8286745039453,TRUE,NA
"l",7.86,-5.32575843984015,-4.94259869926618,-4.34925349194023,0.279832876300204,27.8637029595286,TRUE,NA
"l",7.87,-5.32904600717099,-4.94603524380271,-4.35282134658392,0.279845143918507,27.8987313465451,TRUE,NA
"l",7.88,-5.33233154119091,-4.94946949902531,-4.35638671203042,0.27985738185547,27.9337596651794,TRUE,NA
"l",7.89,-5.33561504567336,-4.95290146947742,-4.35994959338948,0.279869590191682,27.9687879156158,TRUE,NA
"l",7.9,-5.33889652438014,-4.95633115968755,-4.36350999575357,0.279881769007492,28.0038160980384,TRUE,NA
"l",7.91,-5.34217598107428,-4.95975857418267,-4.36706792421101,0.279893918381288,28.0388442127669,TRUE,NA
"l",7.92,-5.34545341945599,-4.96318371742146,-4.37062338378061,0.279906038398206,28.0738722595737,TRUE,NA
"l",7.93,-5.34872884329087,-4.96660659392813,-4.37417637954277,0.279918129132695,28.1089002390517,TRUE,NA
"l",7.94,-5.35200225628182,-4.97002720815867,-4.37772691650855,0.279930190665969,28.1439281512458,TRUE,NA
"l",7.95,-5.35527366213315,-4.97344556456786,-4.381274999685,0.279942223077246,28.178955996337,TRUE,NA
"l",7.96,-5.35854306453781,-4.97686166759592,-4.3848206340626,0.279954226445563,28.2139837745063,TRUE,NA
"l",7.97,-5.36181046717746,-4.98027552166861,-4.388363824615,0.2799662008497,28.2490114859337,TRUE,NA
"l",7.98,-5.36507587372251,-4.98368713119729,-4.39190457629911,0.279978146368227,28.2840391307994,TRUE,NA
"l",7.99,-5.36833928783216,-4.98709650057894,-4.39544289405542,0.279990063079498,28.3190667092823,TRUE,NA
"l",8,-5.37160071315443,-4.99050363419629,-4.39897878280779,0.280001951061642,28.3540942215611,TRUE,NA
"l",8.01,-5.37486015332626,-4.99390853641785,-4.40251224746372,0.280013810392567,28.3891216678145,TRUE,NA
"l",8.02,-5.37811761197352,-4.99731121159796,-4.40604329291428,0.280025641149971,28.4241490482197,TRUE,NA
"l",8.03,-5.38137309271104,-5.00071166407689,-4.40957192403437,0.280037443411318,28.4591763629544,TRUE,NA
"l",8.04,-5.3846265991427,-5.00410989818088,-4.41309814568261,0.280049217253865,28.4942036121951,TRUE,NA
"l",8.05,-5.38787813486147,-5.00750591822221,-4.41662196270155,0.280060962754647,28.5292307961184,TRUE,NA
"l",8.06,-5.3911277034494,-5.01089972849926,-4.42014337991761,0.28007267999048,28.5642579148998,TRUE,NA
"l",8.07,-5.39437530847776,-5.01429133329657,-4.42366240214133,0.280084369037972,28.5992849687145,TRUE,NA
"l",8.08,-5.39762095350699,-5.01768073688492,-4.42717903416726,0.280096029973492,28.6343119577377,TRUE,NA
"l",8.09,-5.40086464208682,-5.02106794352136,-4.43069328077419,0.280107662873224,28.6693388821436,TRUE,NA
"l",8.1,-5.40410637775626,-5.0244529574493,-4.43420514672509,0.280119267813109,28.7043657421059,TRUE,NA
"l",8.11,-5.4073461640437,-5.02783578289858,-4.43771463676731,0.280130844868887,28.7393925377981,TRUE,NA
"l",8.12,-5.41058400446688,-5.03121642408544,-4.44122175563247,0.2801423941161,28.7744192693929,TRUE,NA
"l",8.13,-5.41381990253301,-5.03459488521273,-4.44472650803679,0.280153915630035,28.8094459370627,TRUE,NA
"l",8.14,-5.41705386173883,-5.03797117046987,-4.44822889868095,0.280165409485786,28.8444725409795,TRUE,NA
"l",8.15,-5.4202858855705,-5.04134528403291,-4.45172893225023,0.280176875758243,28.8794990813148,TRUE,NA
"l",8.16,-5.42351597750384,-5.04471723006463,-4.45522661341455,0.28018831452207,28.9145255582396,TRUE,NA
"l",8.17,-5.42674414100424,-5.04808701271455,-4.45872194682861,0.280199725851734,28.9495519719238,TRUE,NA
"l",8.18,-5.42997037952677,-5.05145463611906,-4.46221493713192,0.280211109821473,28.984578322538,TRUE,NA
"l",8.19,-5.43319469651618,-5.0548201044014,-4.46570558894882,0.280222466505323,29.0196046102516,TRUE,NA
"l",8.2,-5.43641709540699,-5.05818342167177,-4.46919390688867,0.280233795977107,29.0546308352333,TRUE,NA
"l",8.21,-5.43963757962347,-5.06154459202736,-4.47267989554577,0.280245098310443,29.089656997652,TRUE,NA
"l",8.22,-5.44285615257978,-5.06490361955245,-4.47616355949952,0.280256373578725,29.1246830976755,TRUE,NA
"l",8.23,-5.44607281767987,-5.06826050831839,-4.47964490331449,0.280267621855153,29.1597091354717,TRUE,NA
"l",8.24,-5.44928757831768,-5.07161526238373,-4.48312393154048,0.280278843212722,29.1947351112074,TRUE,NA
"l",8.25,-5.45250043787705,-5.07496788579424,-4.48660064871247,0.280290037724195,29.2297610250495,TRUE,NA
"l",8.26,-5.45571139973185,-5.07831838258297,-4.49007505935093,0.280301205462154,29.264786877164,TRUE,NA
"l",8.27,-5.45892046724596,-5.08166675677034,-4.49354716796164,0.280312346498953,29.2998126677169,TRUE,NA
"l",8.28,-5.46212764377337,-5.08501301236412,-4.49701697903591,0.280323460906756,29.3348383968732,TRUE,NA
"l",8.29,-5.46533293265815,-5.08835715335955,-4.50048449705058,0.280334548757509,29.3698640647977,TRUE,NA
"l",8.3,-5.46853633723457,-5.0916991837394,-4.50394972646809,0.280345610122954,29.4048896716549,TRUE,NA
"l",8.31,-5.47173786082709,-5.09503910747396,-4.50741267173652,0.280356645074637,29.4399152176085,TRUE,NA
"l",8.32,-5.47493750675037,-5.09837692852115,-4.51087333728978,0.280367653683882,29.474940702822,TRUE,NA
"l",8.33,-5.47813527830942,-5.10171265082657,-4.51433172754748,0.280378636021831,29.5099661274582,TRUE,NA
"l",8.34,-5.48133117879952,-5.10504627832352,-4.51778784691521,0.280389592159401,29.5449914916798,TRUE,NA
"l",8.35,-5.48452521150632,-5.10837781493309,-4.52124169978434,0.280400522167327,29.5800167956485,TRUE,NA
"l",8.36,-5.48771737970588,-5.11170726456418,-4.52469329053231,0.280411426116118,29.6150420395261,TRUE,NA
"l",8.37,-5.4909076866647,-5.1150346311136,-4.52814262352263,0.280422304076102,29.6500672234734,TRUE,NA
"l",8.38,-5.49409613563973,-5.11835991846606,-4.53158970310488,0.28043315611739,29.6850923476514,TRUE,NA
"l",8.39,-5.49728272987847,-5.12168313049428,-4.53503453361485,0.280443982309898,29.7201174122201,TRUE,NA
"l",8.4,-5.50046747261896,-5.125004271059,-4.53847711937453,0.280454782723341,29.7551424173393,TRUE,NA
"l",8.41,-5.50365036708984,-5.12832334400904,-4.54191746469221,0.28046555742724,29.7901673631682,TRUE,NA
"l",8.42,-5.50683141651036,-5.13164035318138,-4.54535557386257,0.280476306490909,29.8251922498655,TRUE,NA
"l",8.43,-5.51001062409046,-5.1349553024012,-4.54879145116666,0.280487029983457,29.8602170775899,TRUE,NA
"l",8.44,-5.51318799303079,-5.13826819548188,-4.55222510087204,0.280497727973805,29.8952418464989,TRUE,NA
"l",8.45,-5.51636352652273,-5.14157903622511,-4.55565652723279,0.280508400530677,29.9302665567503,TRUE,NA
"l",8.46,-5.51953722774845,-5.14488782842094,-4.5590857344896,0.280519047722596,29.965291208501,TRUE,NA
"l",8.47,-5.52270909988093,-5.14819457584779,-4.56251272686978,0.280529669617881,30.0003158019076,TRUE,NA
"l",8.48,-5.52587914608403,-5.15149928227252,-4.56593750858739,0.28054026628466,30.0353403371263,TRUE,NA
"l",8.49,-5.52904736951246,-5.15480195145049,-4.56936008384324,0.280550837790871,30.0703648143126,TRUE,NA
"l",8.5,-5.53221377331191,-5.1581025871256,-4.57278045682496,0.280561384204246,30.1053892336219,TRUE,NA
"l",8.51,-5.535378360619,-5.16140119303032,-4.57619863170708,0.280571905592321,30.1404135952091,TRUE,NA
"l",8.52,-5.53854113456136,-5.16469777288576,-4.57961461265108,0.280582402022457,30.1754378992283,TRUE,NA
"l",8.53,-5.54170209825767,-5.16799233040175,-4.58302840380538,0.280592873561794,30.2104621458336,TRUE,NA
"l",8.54,-5.54486125481767,-5.1712848692768,-4.58644000930554,0.280603320277304,30.2454863351783,TRUE,NA
"l",8.55,-5.54801860734222,-5.17457539319822,-4.58984943327415,0.280613742235741,30.2805104674156,TRUE,NA
"l",8.56,-5.55117415892332,-5.17786390584217,-4.59325667982105,0.28062413950368,30.3155345426981,TRUE,NA
"l",8.57,-5.55432791264414,-5.18115041087366,-4.59666175304322,0.280634512147505,30.3505585611778,TRUE,NA
"l",8.58,-5.55747987157909,-5.1844349119466,-4.60006465702499,0.280644860233415,30.3855825230066,TRUE,NA
"l",8.59,-5.5606300387938,-5.18771741270395,-4.60346539583795,0.280655183827391,30.4206064283361,TRUE,NA
"l",8.6,-5.56377841734522,-5.19099791677758,-4.60686397354117,0.280665482995254,30.4556302773166,TRUE,NA
"l",8.61,-5.56692501028159,-5.19427642778848,-4.61026039418103,0.280675757802623,30.4906540700987,TRUE,NA
"l",8.62,-5.57006982064252,-5.19755294934674,-4.61365466179156,0.280686008314921,30.5256778068325,TRUE,NA
"l",8.63,-5.573212851459,-5.20082748505162,-4.6170467803942,0.280696234597384,30.5607014876677,TRUE,NA
"l",8.64,-5.57635410575345,-5.20410003849152,-4.62043675399809,0.280706436715076,30.5957251127533,TRUE,NA
"l",8.65,-5.57949358653974,-5.20737061324414,-4.62382458659998,0.280716614732849,30.6307486822382,TRUE,NA
"l",8.66,-5.58263129682324,-5.21063921287644,-4.62721028218432,0.280726768715383,30.6657721962703,TRUE,NA
"l",8.67,-5.58576723960085,-5.21390584094475,-4.63059384472338,0.280736898727164,30.7007956549981,TRUE,NA
"l",8.68,-5.588901417861,-5.21717050099471,-4.63397527817717,0.280747004832498,30.7358190585686,TRUE,NA
"l",8.69,-5.59203383458371,-5.22043319656143,-4.6373545864936,0.280757087095499,30.7708424071291,TRUE,NA
"l",8.7,-5.59516449274057,-5.22369393116937,-4.64073177360837,0.280767145580101,30.8058657008249,TRUE,NA
"l",8.71,-5.59829339529507,-5.22695270833281,-4.64410684344552,0.280777180350061,30.8408889398044,TRUE,NA
"l",8.72,-5.60142054520208,-5.23020953155523,-4.6474797999167,0.280787191468918,30.875912124212,TRUE,NA
"l",8.73,-5.60454594540836,-5.23346440432988,-4.65085064692181,0.280797179000055,30.9109352541933,TRUE,NA
"l",8.74,-5.60766959885238,-5.23671733013962,-4.65421938834887,0.280807143006668,30.9459583298932,TRUE,NA
"l",8.75,-5.61079150846442,-5.239968312457,-4.65758602807407,0.280817083551765,30.9809813514565,TRUE,NA
"l",8.76,-5.61391167716655,-5.24321735474427,-4.6609505699618,0.280827000698118,31.016004319027,TRUE,NA
"l",8.77,-5.61703010787271,-5.24646446045349,-4.66431301786468,0.280836894508477,31.0510272327486,TRUE,NA
"l",8.78,-5.62014680348871,-5.24970963302646,-4.66767337562373,0.280846765045261,31.0860500927645,TRUE,NA
"l",8.79,-5.62326176691228,-5.2529528758949,-4.6710316470683,0.280856612370751,31.1210728992174,TRUE,NA
"l",8.8,-5.62637500103308,-5.25619419248038,-4.67438783601614,0.280866436547053,31.15609565225,TRUE,NA
"l",8.81,-5.62948650873277,-5.25943358619442,-4.67774194627353,0.280876237636083,31.1911183520044,TRUE,NA
"l",8.82,-5.63259629288501,-5.26267106043851,-4.68109398163522,0.280886015699591,31.2261409986219,TRUE,NA
"l",8.83,-5.63570435635548,-5.26590661860416,-4.68444394588447,0.280895770799139,31.261163592244,TRUE,NA
"l",8.84,-5.63881070200194,-5.26914026407296,-4.68779184279331,0.280905502996108,31.2961861330117,TRUE,NA
"l",8.85,-5.64191533267427,-5.27237200021654,-4.69113767612225,0.280915212351712,31.331208621065,TRUE,NA
"l",8.86,-5.64501825121445,-5.27560183039671,-4.69448144962062,0.280924898926977,31.3662310565443,TRUE,NA
"l",8.87,-5.64811946045663,-5.27882975796546,-4.69782316702646,0.280934562782756,31.4012534395889,TRUE,NA
"l",8.88,-5.65121896322715,-5.28205578626497,-4.70116283206664,0.280944203979732,31.4362757703381,TRUE,NA
"l",8.89,-5.65431676234459,-5.28527991862773,-4.70450044845683,0.280953822578397,31.471298048931,TRUE,NA
"l",8.9,-5.65741286061975,-5.28850215837647,-4.70783601990165,0.280963418639075,31.5063202755058,TRUE,NA
"l",8.91,-5.66050726085573,-5.29172250882429,-4.71116955009463,0.280972992221922,31.5413424502005,TRUE,NA
"l",8.92,-5.66359996584794,-5.29494097327465,-4.71450104271831,0.280982543386907,31.5763645731528,TRUE,NA
"l",8.93,-5.66669097838411,-5.29815755502145,-4.71783050144417,0.280992072193836,31.6113866444999,TRUE,NA
"l",8.94,-5.66978030124443,-5.30137225734908,-4.72115792993296,0.281001578702319,31.6464086643794,TRUE,NA
"l",8.95,-5.67286793720129,-5.30458508353227,-4.72448333183434,0.281011062971828,31.6814306329264,TRUE,NA
"l",8.96,-5.67595388901939,-5.30779603683612,-4.72780671078691,0.28102052506168,31.7164525502743,TRUE,NA
"l",8.97,-5.6790381594574,-5.31100512051789,-4.73112807042021,0.281029965030839,31.7514744165734,TRUE,NA
"l",8.98,-5.68212075126413,-5.31421233782301,-4.73444741435049,0.281039382938356,31.7864962319465,TRUE,NA
"l",8.99,-5.68520166717878,-5.31741769198533,-4.73776474618075,0.281048778843306,31.8215179964924,TRUE,NA
"l",9,-5.6882809099432,-5.32062118623994,-4.74108006951493,0.281058152803618,31.8565397104243,TRUE,NA
"l",9.01,-5.69135848228039,-5.32382282380073,-4.7443933879333,0.281067504878144,31.8915613738251,TRUE,NA
"l",9.02,-5.69443438691125,-5.32702260787785,-4.74770470501162,0.281076835125073,31.9265829868374,TRUE,NA
"l",9.03,-5.69750862654849,-5.33022054167146,-4.75101402431417,0.281086143602499,31.9616045495945,TRUE,NA
"l",9.04,-5.7005812038975,-5.3334166283725,-4.75432134939487,0.28109543036831,31.9966260622295,TRUE,NA
"l",9.05,-5.7036521216564,-5.33661087116289,-4.75762668379714,0.281104695480269,32.0316475248756,TRUE,NA
"l",9.06,-5.70672138251597,-5.33980327321537,-4.76093003105403,0.281113938995947,32.066668937665,TRUE,NA
"l",9.07,-5.70978898915971,-5.34299383769359,-4.76423139468812,0.28112316097277,32.1016903007294,TRUE,NA
"l",9.08,-5.71285494426389,-5.34618256775225,-4.76753077821185,0.281132361467975,32.1367116142004,TRUE,NA
"l",9.09,-5.71591925049759,-5.34936946653699,-4.7708281851272,0.281141540538647,32.1717328782091,TRUE,NA
"l",9.1,-5.71898191052269,-5.35255453718452,-4.77412361892608,0.281150698241698,32.2067540928857,TRUE,NA
"l",9.11,-5.7220429269939,-5.35573778282266,-4.77741708309011,0.281159834633881,32.2417752583609,TRUE,NA
"l",9.12,-5.72510230255885,-5.35891920657032,-4.78070858109083,0.281168949771775,32.2767963747647,TRUE,NA
"l",9.13,-5.72816003985803,-5.36209881153754,-4.78399811638961,0.281178043711805,32.3118174422263,TRUE,NA
"l",9.14,-5.73121614152487,-5.36527660082565,-4.78728569243784,0.281187116510224,32.3468384608753,TRUE,NA
"l",9.15,-5.73427061018574,-5.36845257752706,-4.79057131267679,0.281196168223123,32.3818594308399,TRUE,NA
"l",9.16,-5.73732344846001,-5.37162674472557,-4.79385498053785,0.28120519890643,32.4168803522491,TRUE,NA
"l",9.17,-5.74037465896004,-5.37479910549617,-4.79713669944239,0.281214208615914,32.4519012252306,TRUE,NA
"l",9.18,-5.74342424429123,-5.37796966290527,-4.80041647280194,0.281223197407171,32.4869220499123,TRUE,NA
"l",9.19,-5.74647220705202,-5.38113842001053,-4.80369430401807,0.281232165335664,32.5219428264214,TRUE,NA
"l",9.2,-5.74951854983396,-5.38430537986112,-4.80697019648266,0.281241112456644,32.5569635548848,TRUE,NA
"l",9.21,-5.75256327522168,-5.38747054549759,-4.81024415357769,0.281250038825255,32.5919842354292,TRUE,NA
"l",9.22,-5.75560638579297,-5.39063391995191,-4.81351617867549,0.28125894449645,32.6270048681808,TRUE,NA
"l",9.23,-5.75864788411875,-5.39379550624763,-4.8167862751386,0.281267829525028,32.6620254532655,TRUE,NA
"l",9.24,-5.76168777276317,-5.39695530739976,-4.82005444631995,0.281276693965641,32.6970459908087,TRUE,NA
"l",9.25,-5.76472605428354,-5.40011332641489,-4.82332069556284,0.281285537872752,32.7320664809356,TRUE,NA
"l",9.26,-5.76776273123044,-5.40326956629124,-4.82658502620098,0.281294361300692,32.7670869237709,TRUE,NA
"l",9.27,-5.77079780614769,-5.4064240300186,-4.8298474415585,0.281303164303628,32.8021073194391,TRUE,NA
"l",9.28,-5.77383128157241,-5.40957672057846,-4.83310794495002,0.281311946935569,32.837127668064,TRUE,NA
"l",9.29,-5.77686316003501,-5.41272764094402,-4.83636653968074,0.281320709250366,32.8721479697698,TRUE,NA
"l",9.3,-5.77989344405924,-5.41587679408011,-4.83962322904635,0.281329451301706,32.907168224679,TRUE,NA
"l",9.31,-5.78292213616227,-5.41902418294348,-4.84287801633324,0.281338173143137,32.9421884329156,TRUE,NA
"l",9.32,-5.78594923885455,-5.42216981048251,-4.84613090481827,0.281346874828039,32.9772085946015,TRUE,NA
"l",9.33,-5.78897475464006,-5.42531367963753,-4.84938189776922,0.281355556409641,33.0122287098599,TRUE,NA
"l",9.34,-5.79199868601605,-5.42845579334059,-4.85263099844431,0.281364217941011,33.0472487788115,TRUE,NA
"l",9.35,-5.79502103547336,-5.43159615451573,-4.85587821009273,0.281372859475086,33.0822688015787,TRUE,NA
"l",9.36,-5.79804180549694,-5.43473476607956,-4.85912353595512,0.281381481064433,33.1172887782903,TRUE,NA
"l",9.37,-5.80106099856319,-5.4378716309385,-4.86236697926051,0.28139008276201,33.152308709051,TRUE,NA
"l",9.38,-5.80407861714416,-5.44100675199318,-4.86560854323142,0.281398664620094,33.1873285939901,TRUE,NA
"l",9.39,-5.80709466370398,-5.44414013213469,-4.86884823107943,0.281407226691169,33.2223484332192,TRUE,NA
"l",9.4,-5.81010914070246,-5.44727177424837,-4.87208604600953,0.281415769027069,33.2573682268743,TRUE,NA
"l",9.41,-5.81312205059095,-5.45040168120943,-4.87532199121526,0.281424291679956,33.2923879750666,TRUE,NA
"l",9.42,-5.81613339581511,-5.45352985588597,-4.87855606988198,0.281432794701671,33.3274076779157,TRUE,NA
"l",9.43,-5.81914317881423,-5.45665630113817,-4.88178828518612,0.281441278143921,33.3624273355402,TRUE,NA
"l",9.44,-5.82215140202128,-5.45978101981838,-4.88501864029509,0.281449742058253,33.3974469480583,TRUE,NA
"l",9.45,-5.82515806786274,-5.46290401477095,-4.88824713836725,0.281458186496083,33.4324665155864,TRUE,NA
"l",9.46,-5.82816317875946,-5.46602528883316,-4.89147378255288,0.281466611508617,33.4674860382478,TRUE,NA
"l",9.47,-5.83116673712519,-5.46914484483361,-4.8946985759924,0.281475017147002,33.5025055161552,TRUE,NA
"l",9.48,-5.8341687453678,-5.47226268559365,-4.89792152181798,0.281483403462168,33.5375249494264,TRUE,NA
"l",9.49,-5.837169205889,-5.47537881392693,-4.90114262315295,0.281491770504927,33.5725443381788,TRUE,NA
"l",9.5,-5.84016812108422,-5.47849323263938,-4.90436188311197,0.28150011832594,33.6075636825284,TRUE,NA
"l",9.51,-5.84316549334276,-5.4816059445293,-4.90757930480095,0.281508446975716,33.6425829825917,TRUE,NA
"l",9.52,-5.84616132504779,-5.48471695238745,-4.91079489131719,0.281516756504595,33.6776022384845,TRUE,NA
"l",9.53,-5.84915561857621,-5.48782625899687,-4.91400864574926,0.281525046962825,33.7126214503216,TRUE,NA
"l",9.54,-5.85214837629896,-5.49093386713319,-4.91722057117723,0.281533318400466,33.7476406182185,TRUE,NA
"l",9.55,-5.85513960058084,-5.49403977956448,-4.92043067067266,0.281541570867444,33.7826597422901,TRUE,NA
"l",9.56,-5.85812929378059,-5.4971439990513,-4.92363894729849,0.28154980441354,33.8176788226503,TRUE,NA
"l",9.57,-5.86111745825091,-5.50024652834677,-4.92684540410921,0.281558019088388,33.8526978594136,TRUE,NA
"l",9.58,-5.86410409633848,-5.50334737019659,-4.9300500441509,0.281566214941478,33.8877168526938,TRUE,NA
"l",9.59,-5.86708921038398,-5.50644652733902,-4.93325287046113,0.281574392022166,33.9227358026041,TRUE,NA
"l",9.6,-5.87007280272212,-5.50954400250497,-4.93645388606915,0.281582550379649,33.957754709258,TRUE,NA
"l",9.61,-5.8730548756816,-5.51263979841794,-4.9396530939958,0.281590690062982,33.9927735727672,TRUE,NA
"l",9.62,-5.87603543158533,-5.51573391779429,-4.94285049725367,0.281598811121115,34.0277923932462,TRUE,NA
"l",9.63,-5.87901447275011,-5.51882636334283,-4.94604609884695,0.281606913602796,34.0628111708053,TRUE,NA
"l",9.64,-5.88199200148699,-5.52191713776527,-4.94923990177165,0.28161499755667,34.0978299055568,TRUE,NA
"l",9.65,-5.8849680201011,-5.52500624375605,-4.95243190901552,0.281623063031225,34.1328485976128,TRUE,NA
"l",9.66,-5.88794253089173,-5.52809368400237,-4.95562212355809,0.28163111007482,34.1678672470835,TRUE,NA
"l",9.67,-5.89091553615228,-5.53117946118424,-4.95881054837071,0.281639138735693,34.2028858540804,TRUE,NA
"l",9.68,-5.89388703817046,-5.53426357797457,-4.96199718641669,0.281647149061881,34.2379044187138,TRUE,NA
"l",9.69,-5.8968570392281,-5.5373460370391,-4.96518204065115,0.281655141101337,34.2729229410941,TRUE,NA
"l",9.7,-5.89982554160129,-5.54042684103643,-4.96836511402113,0.281663114901851,34.307941421331,TRUE,NA
"l",9.71,-5.90279254756036,-5.54350599261813,-4.97154640946563,0.281671070511076,34.3429598595341,TRUE,NA
"l",9.72,-5.90575805936992,-5.54658349442871,-4.97472592991571,0.281679007976538,34.3779782558128,TRUE,NA
"l",9.73,-5.90872207928888,-5.54965934910562,-4.97790367829431,0.281686927345614,34.4129966102759,TRUE,NA
"l",9.74,-5.91168460957045,-5.55273355927936,-4.9810796575166,0.281694828665551,34.4480149230321,TRUE,NA
"l",9.75,-5.91464565246218,-5.55580612757341,-4.98425387048961,0.28170271198345,34.4830331941899,TRUE,NA
"l",9.76,-5.91760521020598,-5.55887705660432,-4.98742632011265,0.281710577346282,34.518051423857,TRUE,NA
"l",9.77,-5.92056328503811,-5.56194634898173,-4.9905970092771,0.281718424800878,34.5530696121413,TRUE,NA
"l",9.78,-5.92351987918924,-5.56501400730836,-4.9937659408665,0.281726254393937,34.5880877591501,TRUE,NA
"l",9.79,-5.92647499488441,-5.56808003418002,-4.99693311775655,0.281734066172057,34.6231058649903,TRUE,NA
"l",9.8,-5.92942863434355,-5.57114443218616,-5.00009854281565,0.281741860181356,34.6581239297733,TRUE,NA
"l",9.81,-5.93238079978016,-5.57420720390848,-5.0032622189036,0.281749636468438,34.6931419536003,TRUE,NA
"l",9.82,-5.93533149340181,-5.5772683519215,-5.00642414887191,0.281757395080028,34.7281599365674,TRUE,NA
"l",9.83,-5.93828071741293,-5.5803278787954,-5.00958433556707,0.28176513606129,34.7631778787983,TRUE,NA
"l",9.84,-5.9412284740104,-5.58338578709147,-5.01274278182563,0.281772859458291,34.798195780392,TRUE,NA
"l",9.85,-5.94417476538619,-5.58644207936487,-5.01589949047715,0.281780565316764,34.8332136414539,TRUE,NA
"l",9.86,-5.94711959372671,-5.58949675816397,-5.01905446434341,0.281788253682515,34.8682314620881,TRUE,NA
"l",9.87,-5.95006296121307,-5.5925498260306,-5.02220770623887,0.281795924600968,34.9032492423996,TRUE,NA
"l",9.88,-5.95300487002093,-5.59560128549986,-5.02535921897032,0.281803578117481,34.9382669824928,TRUE,NA
"l",9.89,-5.95594532232053,-5.59865113910028,-5.02850900533705,0.281811214277282,34.9732846824718,TRUE,NA
"l",9.9,-5.95888432027676,-5.60169938935374,-5.03165706813085,0.281818833125465,35.0083023424401,TRUE,NA
"l",9.91,-5.96182186604915,-5.60474603877559,-5.03480341013608,0.281826434707,35.0433199625018,TRUE,NA
"l",9.92,-5.96475796179187,-5.60779108987462,-5.03794803412967,0.281834019066713,35.0783375427595,TRUE,NA
"l",9.93,-5.96769260965381,-5.61083454515307,-5.04109094288115,0.281841586249296,35.1133550833167,TRUE,NA
"l",9.94,-5.97062581177792,-5.61387640710609,-5.04423213915196,0.28184913629995,35.1483725842688,TRUE,NA
"l",9.95,-5.9735575703033,-5.61691667822379,-5.0473716256978,0.281856669262249,35.1833900457279,TRUE,NA
"l",9.96,-5.9764878873626,-5.61995536098859,-5.05050940526572,0.281864185180829,35.2184074677918,TRUE,NA
"l",9.97,-5.97941676508418,-5.62299245787752,-5.05364548059655,0.281871684099444,35.2534248505698,TRUE,NA
"l",9.98,-5.98234420558967,-5.6260279713596,-5.05677985442223,0.281879166062877,35.2884421941523,TRUE,NA
"l",9.99,-5.98527021099651,-5.62906190389853,-5.05991252946852,0.281886631114957,35.3234594986421,TRUE,NA
"l",10,-5.98819478341649,-5.6320942579512,-5.06304350845349,0.281894079299757,35.3584767641365,TRUE,NA
